trans_x,trans_y,trans_z,rot_x,rot_y,rot_z,trans_x_der,trans_y_der,trans_z_der,rot_x_der,rot_y_der,rot_z_der,trans_x_2,trans_y_2,trans_z_2,rot_x_2,rot_y_2,rot_z_2,trans_x_der_2,trans_y_der_2,trans_z_der_2,rot_x_der_2,rot_y_der_2,rot_z_der_2,a_comp_cor_00,a_comp_cor_01,a_comp_cor_02,a_comp_cor_03,a_comp_cor_04,initdum_1.0
0,0,0,0,-0,0,0,0,0,0,0,0,0,0,0,0,0,0,0,0,0,0,0,0,0,0,0,0,0,1
2.05854e-06,0.0118567,0.0285438,0.000162194,0.000200444,0,2.05854e-06,0.0118567,0.0285438,0.000162194,0.000200444,0,4.2375869e-12,0.00014058133,0.00081474852,2.6306894e-08,4.0177797e-08,0,4.2375869e-12,0.00014058133,0.00081474852,2.6306894e-08,4.0177797e-08,0,-0.060075399,0.064030022,-0.24355177,0.14095087,-0.22919512,0
7.83926e-06,0.0453423,0.0438507,0.000193867,0.00026821,8.04799e-05,5.78072e-06,0.0334856,0.0153069,3.1673e-05,6.7766e-05,8.04799e-05,6.1453997e-11,0.0020559242,0.0019228839,3.7584414e-08,7.1936604e-08,6.4770143e-09,3.3416724e-11,0.0011212854,0.00023430119,1.0031789e-09,4.5922308e-09,6.4770143e-09,0.16523008,-0.0018353813,-0.15535479,-0.000769502,-0.11873301,0
3.1046e-05,0.073478,0.0239854,-8.71519e-05,-0,0.000149483,2.320674e-05,0.0281357,-0.0198653,-0.0002810189,-0.00026821,6.90031e-05,9.6385412e-10,0.0053990165,0.00057529941,7.5954537e-09,0,2.2345167e-08,5.3855278e-10,0.00079161761,0.00039463014,7.8971622e-08,7.1936604e-08,4.7614278e-09,0.033200438,0.01150398,-0.0036837654,-0.086361202,-0.057032913,0
2.87616e-05,0.00533402,0.0723156,0.000675307,0.000193934,0.000435517,-2.2844e-06,-0.06814398,0.0483302,0.0007624589,0.000193934,0.000286034,8.2722963e-10,2.8451769e-05,0.005229546,4.5603954e-07,3.7610396e-08,1.8967506e-07,5.2184834e-12,0.004643602,0.0023358082,5.8134357e-07,3.7610396e-08,8.1815449e-08,-0.030963007,-0.040534754,0.019755769,0.072696998,-0.014235815,0
-1.43219e-05,0.0900238,0.0473557,8.80972e-05,0.000169989,0.000128049,-4.30835e-05,0.08468978,-0.0249599,-0.0005872098,-2.3945e-05,-0.000307468,2.0511682e-10,0.0081042846,0.0022425623,7.7611166e-09,2.889626e-08,1.6396546e-08,1.856188e-09,0.0071723588,0.00062299661,3.4481535e-07,5.7336302e-10,9.4536571e-08,0.036104074,-0.0072674487,-0.028086014,-0.017802314,0.083496466,0
3.11765e-05,0.00295328,0.0826478,0.000705853,0.000334033,0.000435517,4.54984e-05,-0.08707052,0.0352921,0.0006177558,0.000164044,0.000307468,9.7197415e-10,8.7218628e-06,0.0068306588,4.9822846e-07,1.1157805e-07,1.8967506e-07,2.0701044e-09,0.0075812755,0.0012455323,3.8162223e-07,2.6910434e-08,9.4536571e-08,-0.10547266,-0.012945961,0.015426511,-0.017495642,-0.0056446805,0
-2.2253e-05,0.0879219,0.032078,0.00010476,0.000136687,8.95235e-05,-5.34295e-05,0.08496862,-0.0505698,-0.000601093,-0.000197346,-0.0003459935,4.9519601e-10,0.0077302605,0.0010289981,1.0974658e-08,1.8683336e-08,8.0144571e-09,2.8547115e-09,0.0072196664,0.0025573047,3.6131279e-07,3.8945444e-08,1.197115e-07,0.10182533,0.10284882,0.048065424,0.071499999,0.074634962,0
3.95496e-05,0.0059732,0.0295964,0.000445228,-0,0.000435517,6.18026e-05,-0.0819487,-0.0024816,0.000340468,-0.000136687,0.0003459935,1.5641709e-09,3.5679118e-05,0.00087594689,1.9822797e-07,0,1.8967506e-07,3.8195614e-09,0.0067155894,6.1583386e-06,1.1591846e-07,1.8683336e-08,1.197115e-07,-0.14715661,-0.0028949378,-0.040525294,-0.041415658,0.078884565,0
4.06728e-07,0.056627,0.00325029,0.000201227,6.61744e-24,0.000214631,-3.9142872e-05,0.0506538,-0.02634611,-0.000244001,6.61744e-24,-0.000220886,1.6542767e-13,0.0032066171,1.0564385e-05,4.0492306e-08,4.3790512e-47,4.6066466e-08,1.5321644e-09,0.0025658075,0.00069411751,5.9536488e-08,4.3790512e-47,4.8790625e-08,0.072654336,0.082863244,-0.081406534,-0.069140743,0.05041808,0
-0.0021517,0.00404801,0.0438296,0.000539227,-0,8.28767e-05,-0.0021521067,-0.05257899,0.04057931,0.000338,-6.61744e-24,-0.0001317543,4.6298129e-06,1.6386385e-05,0.0019210338,2.9076576e-07,0,6.8685474e-09,4.6315634e-06,0.0027645502,0.0016466804,1.14244e-07,4.3790512e-47,1.7359196e-08,-0.12929751,0.03749091,-0.10544173,0.06359989,-0.092000427,0
4.94934e-05,0.0277234,0.0438771,0.000276319,0.00044932,0.000435518,0.0022011934,0.02367539,4.75e-05,-0.000262908,0.00044932,0.0003526413,2.4495966e-09,0.00076858691,0.0019251999,7.635219e-08,2.0188846e-07,1.8967593e-07,4.8452524e-06,0.00056052409,2.25625e-09,6.9120616e-08,2.0188846e-07,1.2435589e-07,0.10383955,-0.0013709032,-0.011614723,-0.037354758,-0.047585378,0
1.67001e-05,0.0704536,0.0202379,0.000433042,0.000142055,0.000294226,-3.27933e-05,0.0427302,-0.0236392,0.000156723,-0.000307265,-0.000141292,2.7889334e-10,0.0049637098,0.0004095726,1.8752537e-07,2.0179623e-08,8.6568939e-08,1.0754005e-09,0.00182587,0.00055881178,2.4562099e-08,9.441178e-08,1.9963429e-08,-0.020509391,0.085849737,0.069459772,-0.043285295,0.011717553,0
4.63096e-05,0.00797947,0.0438031,0.000711026,0.000310923,0.000435518,2.96095e-05,-0.06247413,0.0235652,0.000277984,0.000168868,0.000141292,2.1445791e-09,6.3671941e-05,0.0019187116,5.0555797e-07,9.6673112e-08,1.8967593e-07,8.7672249e-10,0.0039030169,0.00055531865,7.7275104e-08,2.8516401e-08,1.9963429e-08,0.025103136,-0.12851021,-0.030952535,-0.013229164,0.010754013,0
-1.27397e-05,0.0604857,0.0437871,0.000836723,-0,0.000125321,-5.90493e-05,0.05250623,-1.6e-05,0.000125697,-0.000310923,-0.000310197,1.6229996e-10,0.0036585199,0.0019173101,7.0010538e-07,0,1.5705353e-08,3.4868198e-09,0.0027569042,2.56e-10,1.5799736e-08,9.6673112e-08,9.6222179e-08,-0.036518406,0.055782696,0.095594716,-0.012503385,-0.025976669,0
-1.87297e-05,0.0471445,0.0380914,5.24994e-05,-0,5.33531e-05,-5.99e-06,-0.0133412,-0.0056957,-0.0007842236,0,-7.19679e-05,3.5080166e-10,0.0022226039,0.0014509548,2.756187e-09,0,2.8465533e-09,3.58801e-11,0.00017798762,3.2440998e-05,6.1500665e-07,0,5.1793786e-09,0.093678887,-0.082076448,0.048422495,0.051428299,0.029781196,0
1.91571e-05,0.011743,0.0898433,0.000852768,0.000128742,0.00020306,3.78868e-05,-0.0354015,0.0517519,0.0008002686,0.000128742,0.0001497069,3.6699448e-10,0.00013789805,0.0080718186,7.2721326e-07,1.6574503e-08,4.1233364e-08,1.4354096e-09,0.0012532662,0.0026782592,6.4042983e-07,1.6574503e-08,2.2412156e-08,-0.10675318,-0.036520072,0.081264272,-0.085595113,-0.027602144,0
-2.16735e-05,0.0879161,0.0623431,0.000320083,0.000335519,0.000152919,-4.08306e-05,0.0761731,-0.0275002,-0.000532685,0.000206777,-5.0141e-05,4.697406e-10,0.0077292406,0.0038866621,1.0245313e-07,1.12573e-07,2.3384221e-08,1.6671379e-09,0.0058023412,0.000756261,2.8375331e-07,4.2756728e-08,2.5141199e-09,0.13496993,-0.065658557,0.049398119,-0.011628756,0.081487045,0
-0.00725804,0.0255564,0.0818445,0.000761961,0.000157894,0.000135386,-0.0072363665,-0.0623597,0.0195014,0.000441878,-0.000177625,-1.7533e-05,5.2679145e-05,0.00065312958,0.0066985222,5.8058457e-07,2.4930515e-08,1.8329369e-08,5.2365e-05,0.0038887322,0.0003803046,1.9525617e-07,3.1550641e-08,3.0740609e-10,-0.14554908,-0.058239736,0.11055927,0.041394258,0.049983831,0
4.68096e-06,0.0255715,0.0839294,0.000592681,7.44468e-05,0.000256585,0.007262721,1.51e-05,0.0020849,-0.00016928,-8.34472e-05,0.000121199,2.1911387e-11,0.00065390161,0.0070441442,3.5127077e-07,5.542326e-09,6.5835862e-08,5.2747116e-05,2.2801e-10,4.346808e-06,2.8655718e-08,6.9634352e-09,1.4689198e-08,0.0080304082,-0.097672161,-0.056602994,-0.071889247,0.16361445,0
1.16027e-05,0.0699487,0.0246775,-3.61729e-05,4.1359e-25,8.01094e-05,6.92174e-06,0.0443772,-0.0592519,-0.0006288539,-7.44468e-05,-0.0001764756,1.3462265e-10,0.0048928206,0.00060897901,1.3084787e-09,1.7105669e-49,6.417516e-09,4.7910485e-11,0.0019693359,0.0035107877,3.9545723e-07,5.542326e-09,3.1143637e-08,-0.082183025,0.11636077,0.022542475,0.13694367,0.085336378,0
8.37373e-06,-0.00691781,0.0678978,0.000592681,-1.36135e-23,0.000125562,-3.22897e-06,-0.07686651,0.0432203,0.0006288539,-1.402709e-23,4.54526e-05,7.0119354e-11,4.7856095e-05,0.0046101112,3.5127077e-07,1.8532738e-46,1.5765816e-08,1.0426247e-11,0.0059084604,0.0018679943,3.9545723e-07,1.9675925e-46,2.0659388e-09,-0.022085802,-0.051078276,-0.16237603,-0.09625804,0.095052371,0
3.04868e-06,0.0780826,0.0393211,0.000592681,0.000126654,2.42323e-05,-5.32505e-06,0.08500041,-0.0285767,0,0.000126654,-0.0001013297,9.2944497e-12,0.0060968924,0.0015461489,3.5127077e-07,1.6041236e-08,5.8720436e-10,2.8356158e-11,0.0072250697,0.00081662778,0,1.6041236e-08,1.0267708e-08,0.0058262953,0.15438395,0.073534126,0.067708835,-0.074580088,0
0.0021614,0.0229856,0.036122,0.000592681,0.000233828,2.42323e-05,0.0021583513,-0.055097,-0.0031991,0,0.000107174,0,4.67165e-06,0.00052833781,0.0013047989,3.5127077e-07,5.4675534e-08,5.8720436e-10,4.6584804e-06,0.0030356794,1.0234241e-05,0,1.1486266e-08,0,0.030338764,-0.072556556,0.026778591,0.056659319,0.058148844,0
4.95511e-06,0.0464855,0.0576301,0.000875767,0.00047286,2.42323e-05,-0.0021564449,0.0234999,0.0215081,0.000283086,0.000239032,0,2.4553115e-11,0.0021609017,0.0033212284,7.6696784e-07,2.2359658e-07,5.8720436e-10,4.6502546e-06,0.0005522453,0.00046259837,8.0137683e-08,5.7136297e-08,0,-0.11753642,0.053294085,0.065464375,-0.084162024,-0.02796615,0
3.71786e-06,0.0464937,0.0102516,0.000425941,1.65436e-24,2.42323e-05,-1.23725e-06,8.2e-06,-0.0473785,-0.000449826,-0.00047286,0,1.3822483e-11,0.0021616641,0.0001050953,1.8142574e-07,2.736907e-48,5.8720436e-10,1.5307876e-12,6.724e-11,0.0022447223,2.0234343e-07,2.2359658e-07,0,0.029888516,0.037422129,-0.047109103,0.11189549,0.10936772,0
5.45448e-07,0.0102523,0.0503378,0.000777354,0.000160046,2.42323e-05,-3.172412e-06,-0.0362414,0.0400862,0.000351413,0.000160046,0,2.9751352e-13,0.00010510966,0.0025338941,6.0427924e-07,2.5614722e-08,5.8720436e-10,1.0064198e-11,0.0013134391,0.0016069034,1.234911e-07,2.5614722e-08,0,-0.013403645,0.0049483815,-0.0004507123,-0.18628513,-0.084314997,0
-0.00277499,0.06451,0.0229133,0.000283209,-0,2.42323e-05,-0.0027755354,0.0542577,-0.0274245,-0.000494145,-0.000160046,0,7.7005695e-06,0.0041615401,0.00052501932,8.0207338e-08,0,5.8720436e-10,7.703597e-06,0.002943898,0.0007521032,2.4417928e-07,2.5614722e-08,0,0.10323659,0.020013026,0.047599682,0.040019349,-0.013067332,0
-0.00577771,-0.00208595,0.060218,0.00074249,0.000309407,2.42323e-05,-0.00300272,-0.06659595,0.0373047,0.000459281,0.000309407,0,3.3381933e-05,4.3511874e-06,0.0036262075,5.512914e-07,9.5732692e-08,5.8720436e-10,9.0163274e-06,0.0044350206,0.0013916406,2.1093904e-07,9.5732692e-08,0,0.015846562,-0.14545745,0.039014213,-0.026227168,-0.076223596,0
7.34349e-06,0.0597239,0.0524972,0.000796543,-0.00017029,2.42323e-05,0.0057850535,0.06180985,-0.0077208,5.4053e-05,-0.000479697,0,5.3926845e-11,0.0035669442,0.002755956,6.3448075e-07,2.8998684e-08,5.8720436e-10,3.3466844e-05,0.0038204576,5.9610753e-05,2.9217268e-09,2.3010921e-07,0,0.0083674298,0.089234064,0.093602056,-0.0080387001,0.013824813,0
0.0100027,0.0471352,0.0438626,0.000519685,-0.000170063,2.42323e-05,0.0099953565,-0.0125887,-0.0086346,-0.000276858,2.27e-07,0,0.00010005401,0.0022217271,0.0019239277,2.700725e-07,2.8921424e-08,5.8720436e-10,9.9907152e-05,0.00015847537,7.4556317e-05,7.6650352e-08,5.1529e-14,0,-0.013133417,-0.10544013,-0.020265726,0.03667174,0.07267806,0
3.71818e-06,0.00829581,0.0603014,0.000913792,-0,2.42323e-05,-0.0099989818,-0.03883939,0.0164388,0.000394107,0.000170063,0,1.3824863e-11,6.8820464e-05,0.0036362588,8.3501582e-07,0,5.8720436e-10,9.9979637e-05,0.0015084982,0.00027023415,1.5532033e-07,2.8921424e-08,0,-0.068647047,0.037767847,0.000958344,0.099021008,-0.018566321,0
-3.40731e-05,0.0860369,0.0138714,0.000344787,-0.00025157,-0.000143247,-3.779128e-05,0.07774109,-0.04643,-0.000569005,-0.00025157,-0.0001674793,1.1609761e-09,0.0074023482,0.00019241574,1.1887808e-07,6.3287465e-08,2.0519703e-08,1.4281808e-09,0.0060436771,0.0021557449,3.2376669e-07,6.3287465e-08,2.8049316e-08,0.12154073,0.035005512,-0.031896029,-0.062501062,-0.0051287003,0
-0.011789,0.00285876,0.0514942,0.000811834,-0,2.42323e-05,-0.011754927,-0.08317814,0.0376228,0.000467047,0.00025157,0.0001674793,0.00013898052,8.1725087e-06,0.0026516526,6.5907444e-07,0,5.8720436e-10,0.00013817831,0.006918603,0.0014154751,2.181329e-07,6.3287465e-08,2.8049316e-08,-0.049035117,-0.059352205,0.061062233,-0.023276425,-0.14435475,0
-0.00890626,0.0334659,0.0602557,0.000617791,0.00013603,2.42323e-05,0.00288274,0.03060714,0.0087615,-0.000194043,0.00013603,0,7.9321467e-05,0.0011199665,0.0036307494,3.8166572e-07,1.8504161e-08,5.8720436e-10,8.3101899e-06,0.00093679702,7.6763882e-05,3.7652686e-08,1.8504161e-08,0,0.15452641,-0.085619109,0.055134412,-0.013007205,-0.095131673,0
1.58506e-06,0.0722651,0.0601901,0.000886158,-9.69913e-05,2.42323e-05,0.0089078451,0.0387992,-6.56e-05,0.000268367,-0.0002330213,0,2.5124152e-12,0.0052222447,0.0036228481,7.85276e-07,9.4073123e-09,5.8720436e-10,7.9349704e-05,0.0015053779,4.30336e-09,7.2020847e-08,5.4298926e-08,0,-0.045728061,0.026877163,0.16873206,-0.01899564,0.020377049,0
3.71718e-06,-0.00179935,0.0878094,0.000829864,-0,2.42323e-05,2.13212e-06,-0.07406445,0.0276193,-5.6294e-05,9.69913e-05,0,1.3817427e-11,3.2376604e-06,0.0077104907,6.8867426e-07,0,5.8720436e-10,4.5459357e-12,0.0054855428,0.00076282573,3.1690144e-09,9.4073123e-09,0,-0.010600004,-0.18147886,-0.022316949,-0.024147683,0.11936586,0
3.71727e-06,0.0546597,0.0551315,0.000693913,6.81452e-25,2.42323e-05,9e-11,0.05645905,-0.0326779,-0.000135951,6.81452e-25,0,1.3818096e-11,0.0029876828,0.0030394823,4.8151525e-07,4.6437683e-49,5.8720436e-10,8.1e-21,0.0031876243,0.0010678451,1.8482674e-08,4.6437683e-49,0,0.02836138,0.060300169,0.10052514,0.097472288,0.052555782,0
-0.0116869,0.0184297,0.0808106,0.000829864,-0,-0.000165554,-0.011690617,-0.03623,0.0256791,0.000135951,-6.81452e-25,-0.0001897863,0.00013658363,0.00033965384,0.0065303531,6.8867426e-07,0,2.7408127e-08,0.00013667053,0.0013126129,0.00065941618,1.8482674e-08,4.6437683e-49,3.601884e-08,-0.10502389,-0.051784612,-0.0085186252,-0.077987877,0.053935019,0
-2.44553e-06,0.0143589,0.076543,0.000829864,-0,-9.09777e-05,0.011684454,-0.0040708,-0.0042676,0,0,7.45763e-05,5.980617e-12,0.00020617801,0.0058588308,6.8867426e-07,0,8.2769419e-09,0.00013652648,1.6571413e-05,1.821241e-05,0,0,5.5616245e-09,0.072337993,-0.067085853,-0.0092547269,0.024824004,0.0029773872,0
-0.00716785,0.0629683,0.0603268,0.000548716,-0.00017029,2.42323e-05,-0.0071654045,0.0486094,-0.0162162,-0.000281148,-0.00017029,0.00011521,5.1378074e-05,0.0039650068,0.0036393228,3.0108925e-07,2.8998684e-08,5.8720436e-10,5.1343021e-05,0.0023628738,0.00026296514,7.9044198e-08,2.8998684e-08,1.3273344e-08,-0.083681969,0.042469207,0.10167067,-0.019263367,0.0558021,0
-0.00804824,0.00101346,0.0799034,0.000778814,-0,2.42323e-05,-0.00088039,-0.06195484,0.0195766,0.000230098,0.00017029,0,6.4774167e-05,1.0271012e-06,0.0063845533,6.0655125e-07,0,5.8720436e-10,7.7508655e-07,0.0038384022,0.00038324327,5.294509e-08,2.8998684e-08,0,-0.028433328,-0.15016366,-0.062537246,0.017405339,0.12545309,0
3.71718e-06,0.0397517,0.0563122,0.000829864,-0,2.42323e-05,0.0080519572,0.03873824,-0.0235912,5.105e-05,0,0,1.3817427e-11,0.0015801977,0.0031710639,6.8867426e-07,0,5.8720436e-10,6.4834014e-05,0.0015006512,0.00055654472,2.6061025e-09,0,0,-0.070343092,0.14287233,0.021072741,0.07192422,-0.018990484,0
-5.21619e-05,0.0949532,0.00208358,-6.01543e-05,-0,-0.000202017,-5.587908e-05,0.0552015,-0.05422862,-0.0008900183,0,-0.0002262493,2.7208638e-09,0.0090161102,4.3413056e-06,3.6185398e-09,0,4.0810868e-08,3.1224716e-09,0.0030472056,0.0029407432,7.9213257e-07,0,5.1188746e-08,0.11784178,0.10452119,-0.040730338,0.06766507,0.0088278933,0
-0.0112449,-0.0379163,0.0698127,0.000837264,-0.00017029,2.42323e-05,-0.011192738,-0.1328695,0.06772912,0.0008974183,-0.00017029,0.0002262493,0.00012644778,0.0014376458,0.0048738131,7.0101101e-07,2.8998684e-08,5.8720436e-10,0.00012527739,0.017654304,0.0045872337,8.0535961e-07,2.8998684e-08,5.1188746e-08,-0.010298634,-0.07301313,-0.099460529,-0.087289787,-0.083410108,0
-0.0067749,0.00768189,0.0624805,0.00128768,1.23909e-22,-0.000571427,0.00447,0.04559819,-0.0073322,0.000450416,0.00017029,-0.0005956593,4.589927e-05,5.9011434e-05,0.0039038129,1.6581198e-06,1.535344e-44,3.2652882e-07,1.99809e-05,0.0020791949,5.3761157e-05,2.0287457e-07,2.8998684e-08,3.5481e-07,0.018613183,0.11529763,0.047236504,-0.015822394,-0.090738474,0
0.000310406,0.0512134,0.0325845,0.000162247,-0.000137431,-0.000128234,0.007085306,0.04353151,-0.029896,-0.001125433,-0.000137431,0.000443193,9.6351885e-08,0.0026228123,0.0010617496,2.6324089e-08,1.888728e-08,1.6443959e-08,5.0201561e-05,0.0018949924,0.00089377082,1.2665994e-06,1.888728e-08,1.9642004e-07,0.078944421,-0.033275822,-0.018978232,0.050133927,0.028192813,0
0.000328958,-0.0124319,0.0732747,0.000927844,-0.00017029,4.60693e-05,1.8552e-05,-0.0636453,0.0406902,0.000765597,-3.2859e-05,0.0001743033,1.0821337e-07,0.00015455214,0.0053691817,8.6089449e-07,2.8998684e-08,2.1223804e-09,3.441767e-10,0.0040507242,0.0016556924,5.8613877e-07,1.0797139e-09,3.038164e-08,-0.10959179,0.044017741,0.031424322,0.015736618,-0.082418591,0
0.000314651,0.0549621,0.063313,0.000729642,5.34685e-05,-1.83392e-05,-1.4307e-05,0.067394,-0.0099617,-0.000198202,0.0002237585,-6.44085e-05,9.9005252e-08,0.0030208324,0.004008536,5.3237745e-07,2.8588805e-09,3.3632626e-10,2.0469025e-10,0.0045419512,9.9235467e-05,3.9284033e-08,5.0067866e-08,4.1484549e-09,0.018228191,0.017187577,-0.10046651,-0.091682604,0.063684402,0
-0.00179455,0.0540223,0.0498178,0.000744467,-0,4.60693e-05,-0.002109201,-0.0009398,-0.0134952,1.4825e-05,-5.34685e-05,6.44085e-05,3.2204097e-06,0.0029184089,0.0024818132,5.5423111e-07,0,2.1223804e-09,4.4487289e-06,8.8322404e-07,0.00018212042,2.1978062e-10,2.8588805e-09,4.1484549e-09,0.065794725,0.029223825,0.0022823734,0.13371551,-0.074650328,0
-0.00776318,0.010882,0.0767282,0.00120774,-0,4.60693e-05,-0.00596863,-0.0431403,0.0269104,0.000463273,0,0,6.0266964e-05,0.00011841792,0.0058872167,1.4586359e-06,0,2.1223804e-09,3.5624544e-05,0.0018610855,0.00072416963,2.1462187e-07,0,0,-0.058524965,-0.0190907,-0.015020521,-0.14380929,-0.095721545,0
0.000301938,0.0793678,0.0252439,0.000552915,-0,-8.17856e-05,0.008065118,0.0684858,-0.0514843,-0.000654825,0,-0.0001278549,9.1166556e-08,0.0062992477,0.00063725449,3.05715e-07,0,6.6888844e-09,6.5046128e-05,0.0046903048,0.0026506331,4.2879578e-07,0,1.6346875e-08,0.19487875,-0.01475701,0.01308357,-0.009596651,-0.039728533,0
0.000320918,-0.014615,0.0698542,0.00102225,0.000179821,4.60693e-05,1.898e-05,-0.0939828,0.0446103,0.000469335,0.000179821,0.0001278549,1.0298836e-07,0.00021359822,0.0048796093,1.0449951e-06,3.2335592e-08,2.1223804e-09,3.602404e-10,0.0088327667,0.0019900789,2.2027534e-07,3.2335592e-08,1.6346875e-08,-0.11720005,-0.070719837,0.15143966,0.033776711,-0.06047311,0
-0.0132761,0.0414926,0.0568834,0.00106987,5.29396e-23,-0.000231964,-0.013597018,0.0561076,-0.0129708,4.762e-05,-0.000179821,-0.0002780333,0.00017625483,0.0017216359,0.0032357212,1.1446218e-06,2.8026012e-45,5.3807297e-08,0.0001848789,0.0031480628,0.00016824165,2.2676644e-09,3.2335592e-08,7.7302516e-08,0.018647374,-0.016058466,0.055600864,-0.10067123,0.11760692,0
0.000332773,0.0179412,0.0400041,0.000933967,-0,-0.000162277,0.013608873,-0.0235514,-0.0168793,-0.000135903,-5.29396e-23,6.9687e-05,1.1073787e-07,0.00032188666,0.001600328,8.7229436e-07,0,2.6333825e-08,0.00018520142,0.00055466844,0.00028491077,1.8469625e-08,2.8026012e-45,4.856278e-09,-0.0181575,-0.075453437,-0.060239558,0.12309042,0.044375625,0
-0.00628327,-0.0143063,0.0659065,0.000851984,0.0001299,4.60693e-05,-0.006616043,-0.0322475,0.0259024,-8.1983e-05,0.0001299,0.0002083463,3.9479482e-05,0.00020467022,0.0043436667,7.2587674e-07,1.687401e-08,2.1223804e-09,4.3772025e-05,0.0010399013,0.00067093433,6.7212123e-09,1.687401e-08,4.3408181e-08,-0.049428309,0.078808365,0.054630867,0.0125633,-0.079395292,0
0.000334022,0.111595,-0.0618451,-0.000807493,-0.000426166,0.000300672,0.006617292,0.1259013,-0.1277516,-0.001659477,-0.000556066,0.0002546027,1.115707e-07,0.012453444,0.0038248164,6.5204495e-07,1.8161746e-07,9.0403652e-08,4.3788553e-05,0.015851137,0.016320471,2.7538639e-06,3.092094e-07,6.4822535e-08,0.10669369,0.27411812,0.12458246,-0.03919816,-0.008818154,0
0.000534037,-0.0854384,0.0627458,-0.00142129,-0.000201923,-1.13118e-05,0.000200015,-0.1970334,0.1245909,-0.000613797,0.000224243,-0.0003119838,2.8519552e-07,0.0072997202,0.0039370354,2.0200653e-06,4.0772898e-08,1.2795682e-10,4.0006e-08,0.038822161,0.015522892,3.7674676e-07,5.0284923e-08,9.7333891e-08,-0.085177064,0.063040511,-0.11485817,-0.017354501,-0.079755404,0
-0.0168038,0.0765425,0.0320471,-0.00187538,-0.000433037,-0.00027884,-0.017337837,0.1619809,-0.0306987,-0.00045409,-0.000231114,-0.0002675282,0.00028236769,0.0058587543,0.0010270166,3.5170501e-06,1.8752104e-07,7.7751746e-08,0.00030060059,0.026237812,0.00094241018,2.0619773e-07,5.3413681e-08,7.1571338e-08,-0.011713539,0.16574995,-0.10624004,0.030541034,-0.012047289,0
-0.00758865,-0.00969813,0.105832,-0.000729769,4.99298e-05,-1.13118e-05,0.00921515,-0.08624063,0.0737849,0.001145611,0.0004829668,0.0002675282,5.7587609e-05,9.4053725e-05,0.011200412,5.3256279e-07,2.4929849e-09,1.2795682e-10,8.491899e-05,0.0074374463,0.0054442115,1.3124246e-06,2.3325693e-07,7.1571338e-08,-0.055529623,-0.068052202,-0.14218658,-0.11843054,-0.19116881,0
0.000437695,0.0712089,0.0911034,-0.000847719,0.000321698,-1.13118e-05,0.008026345,0.08090703,-0.0147286,-0.00011795,0.0002717682,0,1.9157691e-07,0.0050707074,0.0082998295,7.186275e-07,1.034896e-07,1.2795682e-10,6.4422214e-05,0.0065459475,0.00021693166,1.3912202e-08,7.3857955e-08,0,0.17428799,-0.081010425,-0.088363296,-0.047487931,-0.040480076,0
-0.0140453,0.0620433,0.0911755,-0.00102705,3.5317e-05,7.324e-05,-0.014482995,-0.0091656,7.21e-05,-0.000179331,-0.000286381,8.45518e-05,0.00019727045,0.0038493711,0.0083129718,1.0548317e-06,1.2472905e-09,5.3640976e-09,0.00020975714,8.4008223e-05,5.19841e-09,3.2159608e-08,8.2014077e-08,7.1490069e-09,-0.053444625,-0.050510057,0.10603354,0.070839462,-0.012585311,0
0.000573727,0.0359341,0.0353841,-0.000545503,3.51877e-05,0.000218543,0.014619027,-0.0261092,-0.0557914,0.000481547,-1.293e-07,0.000145303,3.2916267e-07,0.0012912595,0.0012520345,2.9757352e-07,1.2381742e-09,4.7761043e-08,0.00021371595,0.00068169032,0.0031126803,2.3188751e-07,1.671849e-14,2.1112962e-08,0.041582311,0.17352088,0.054940824,-0.063133826,-0.028983658,0
-0.0151782,0.0140587,0.0258026,-0.000841595,-0.000433037,-0.000254724,-0.015751927,-0.0218754,-0.0095815,-0.000296092,-0.0004682247,-0.000473267,0.00023037776,0.00019764705,0.00066577417,7.0828214e-07,1.8752104e-07,6.4884316e-08,0.0002481232,0.00047853313,9.1805142e-05,8.7670472e-08,2.1923437e-07,2.2398165e-07,-0.0056078528,0.024692969,-0.14985953,0.045473661,0.057358529,0
-0.00752727,-0.00342969,0.104753,-0.000174929,-6.49205e-06,3.7577e-05,0.00765093,-0.01748839,0.0789504,0.000666666,0.00042654495,0.000292301,5.6659794e-05,1.1762773e-05,0.010973191,3.0600155e-08,4.2146713e-11,1.4120309e-09,5.853673e-05,0.00030584378,0.0062331657,4.4444356e-07,1.8194059e-07,8.5439875e-08,0.0058683499,-0.017740407,-0.028959284,0.045327954,-0.22014405,0
-0.00529187,0.0783291,0.0903915,-0.000322971,-6.80232e-05,-0.000154742,0.0022354,0.08175879,-0.0143615,-0.000148042,-6.153115e-05,-0.000192319,2.8003888e-05,0.0061354479,0.0081706233,1.0431027e-07,4.6271557e-09,2.3945087e-08,4.9970132e-06,0.0066844997,0.00020625268,2.1916434e-08,3.7860824e-09,3.6986598e-08,0.15448674,-0.013105687,0.01112003,-0.02635339,-0.05588022,0
-0.00616169,0.00997179,0.150392,-0.00026003,-0.000152339,-0.000290243,-0.00086982,-0.06835731,0.0600005,6.2941e-05,-8.43158e-05,-0.000135501,3.7966424e-05,9.9436596e-05,0.022617754,6.7615601e-08,2.3207171e-08,8.4240999e-08,7.5658683e-07,0.0046727218,0.00360006,3.9615695e-09,7.1091541e-09,1.8360521e-08,-0.041026876,-0.14410321,0.067813547,-0.1029968,0.0080643045,0
0.000555443,0.0384439,0.142973,-0.00041691,-0.000433037,-0.000100126,0.006717133,0.02847211,-0.007419,-0.00015688,-0.000280698,0.000190117,3.0851693e-07,0.0014779334,0.020441279,1.7381395e-07,1.8752104e-07,1.0025216e-08,4.5119876e-05,0.00081066105,5.5041561e-05,2.4611334e-08,7.8791367e-08,3.6144474e-08,0.0018788735,-0.081874517,0.099532797,0.046749362,0.12031483,0
0.000556939,0.0365559,0.126588,-0.000697915,-0.000433037,-0.000178597,1.496e-06,-0.001888,-0.016385,-0.000281005,0,-7.8471e-05,3.1018105e-07,0.0013363338,0.016024522,4.8708535e-07,1.8752104e-07,3.1896888e-08,2.238016e-12,3.564544e-06,0.00026846822,7.896381e-08,0,6.1576978e-09,-0.066760196,-0.13145516,0.013755504,-0.036950802,0.16757973,0
0.000500937,0.0196813,0.137055,-5.13182e-06,-6.72005e-05,-0.000200362,-5.6002e-05,-0.0168746,0.010467,0.00069278318,0.0003658365,-2.1765e-05,2.5093788e-07,0.00038735357,0.018784073,2.6335577e-11,4.5159072e-09,4.0144931e-08,3.136224e-09,0.00028475213,0.00010955809,4.7994853e-07,1.3383634e-07,4.7371522e-10,-0.062656239,-0.045669124,0.040481866,0.099016472,0.079298795,0
0.000520565,0.0856785,0.0920755,-0.000697915,-0.000204182,-0.00013488,1.9628e-05,0.0659972,-0.0449795,-0.00069278318,-0.0001369815,6.5482e-05,2.7098792e-07,0.0073408054,0.0084778977,4.8708535e-07,4.1690289e-08,1.8192614e-08,3.8525838e-10,0.0043556304,0.0020231554,4.7994853e-07,1.8763931e-08,4.2878923e-09,0.022034284,-0.070987496,-0.0064378541,0.025615188,0.14617082,0
0.000559743,0.00759891,0.107023,-0.00019749,-0.000433038,3.75771e-05,3.9178e-05,-0.07807959,0.0149475,0.000500425,-0.000228856,0.0001724571,3.1331223e-07,5.7743433e-05,0.011453923,3.90023e-08,1.8752191e-07,1.4120384e-09,1.5349157e-09,0.0060964224,0.00022342776,2.5042518e-07,5.2375069e-08,2.9741451e-08,-0.13392491,-0.038947908,0.052477993,0.028570113,0.048242797,0
-0.0037204,0.0933355,0.0560622,-0.000801788,-0.000433038,3.75771e-05,-0.004280143,0.08573659,-0.0509608,-0.000604298,0,0,1.3841376e-05,0.0087115156,0.0031429703,6.42864e-07,1.8752191e-07,1.4120384e-09,1.8319624e-05,0.0073507629,0.0025970031,3.6517607e-07,0,0,0.079568851,0.13988761,0.0012425219,-0.034792054,0.17606502,0
0.000546203,-0.0045365,0.10154,-0.000202124,-1.24427e-05,3.75771e-05,0.004266603,-0.097872,0.0454778,0.000599664,0.0004205953,0,2.9833772e-07,2.0579832e-05,0.010310372,4.0854111e-08,1.5482078e-10,1.4120384e-09,1.8203901e-05,0.0095789284,0.0020682303,3.5959691e-07,1.7690041e-07,0,-0.098657071,-0.036427695,-0.16176067,0.1831359,-0.036090097,0
0.000558851,0.0269667,0.096516,-0.000297417,-0.000433038,-8.17627e-05,1.2648e-05,0.0315032,-0.005024,-9.5293e-05,-0.0004205953,-0.0001193398,3.1231444e-07,0.00072720291,0.0093153383,8.8456872e-08,1.8752191e-07,6.6851391e-09,1.599719e-10,0.00099245161,2.5240576e-05,9.0807558e-09,1.7690041e-07,1.4241988e-08,-0.036032864,0.046310967,-0.077256961,-0.17769555,0.034762973,0
0.000525509,0.0542251,0.103182,-4.29946e-05,-0.000210071,-0.00020392,-3.3342e-05,0.0272584,0.006666,0.0002544224,0.000222967,-0.0001221573,2.7615971e-07,0.0029403615,0.010646525,1.8485356e-09,4.4129825e-08,4.1583366e-08,1.111689e-09,0.00074302037,4.4435556e-05,6.4730758e-08,4.9714283e-08,1.4922406e-08,-0.032894632,-0.037280036,-0.050207901,0.089412443,-0.051807648,0
0.000541342,0.0378821,0.122862,-0.000260369,0.000173515,0.000342257,1.5833e-05,-0.016343,0.01968,-0.0002173744,0.000383586,0.000546177,2.9305116e-07,0.0014350535,0.015095071,6.7792016e-08,3.0107455e-08,1.1713985e-07,2.5068389e-10,0.00026709365,0.0003873024,4.725163e-08,1.4713822e-07,2.9830932e-07,0.05494576,-0.067952717,0.010330006,-0.014379219,0.048999007,0
-0.00966821,0.0819537,0.0545041,-0.000940114,-0.000433038,3.75771e-05,-0.010209552,0.0440716,-0.0683579,-0.000679745,-0.000606553,-0.0003046799,9.3474285e-05,0.0067164089,0.0029706969,8.8381433e-07,1.8752191e-07,1.4120384e-09,0.00010423495,0.0019423059,0.0046728025,4.6205327e-07,3.6790654e-07,9.2829841e-08,-0.097980693,0.11112443,0.022041403,0.013255734,0.12668668,0
0.000559743,-0.00422715,0.0776077,-0.000418239,-0.000433038,3.75771e-05,0.010227953,-0.08618085,0.0231036,0.000521875,0,0,3.1331223e-07,1.7868797e-05,0.0060229551,1.7492386e-07,1.8752191e-07,1.4120384e-09,0.00010461102,0.0074271389,0.00053377633,2.7235352e-07,0,0,-0.024017204,-0.01135247,-0.16359286,0.07310436,0.045026407,0
0.000557125,0.0934864,0.0535587,-0.000690624,-0.000314807,3.75771e-05,-2.618e-06,0.09771355,-0.024049,-0.000272385,0.000118231,0,3.1038827e-07,0.008739707,0.0028685343,4.7696151e-07,9.9103447e-08,1.4120384e-09,6.853924e-12,0.0095479379,0.0005783544,7.4193588e-08,1.3978569e-08,0,-0.018000114,0.16720946,-0.051887276,-0.080231266,-0.0098042954,0
-0.0107524,0.0335545,0.0896025,-0.000276197,4.98438e-05,3.75771e-05,-0.011309525,-0.0599319,0.0360438,0.000414427,0.0003646508,0,0.00011561411,0.0011259045,0.008028608,7.6284783e-08,2.4844044e-09,1.4120384e-09,0.00012790536,0.0035918326,0.0012991555,1.7174974e-07,1.3297021e-07,0,0.010547464,-0.041857936,-0.076474545,0.075352758,-0.10728249,0
0.000512245,0.0511863,0.0840959,-0.000261071,0.000129759,3.75771e-05,0.011264645,0.0176318,-0.0055066,1.5126e-05,7.99152e-05,0,2.6239494e-07,0.0026200373,0.0070721204,6.8158067e-08,1.6837398e-08,1.4120384e-09,0.00012689223,0.00031088037,3.0322644e-05,2.2879588e-10,6.3864392e-09,0,0.1351915,-0.050543189,-0.0090454563,-0.067340137,-0.094699637,0
0.00052234,0.0858846,0.0841631,-0.000393724,-0.000225016,-0.000162325,1.0095e-05,0.0346983,6.72e-05,-0.000132653,-0.000354775,-0.0001999021,2.7283908e-07,0.0073761645,0.0070834274,1.5501859e-07,5.06322e-08,2.6349406e-08,1.0190903e-10,0.001203972,4.51584e-09,1.7596818e-08,1.258653e-07,3.996085e-08,-0.049255685,0.021069762,0.043612011,-0.012263121,0.020534058,0
-0.00837647,-0.00867134,0.119239,0.000257713,-7.43654e-05,-0.000369527,-0.00889881,-0.09455594,0.0350759,0.000651437,0.0001506506,-0.000207202,7.016525e-05,7.5192137e-05,0.014217939,6.641599e-08,5.5302127e-09,1.365502e-07,7.9188819e-05,0.0089408258,0.0012303188,4.2437016e-07,2.2695603e-08,4.2932669e-08,0.028061188,-0.072953561,-0.024747951,0.063809372,-0.07565918,0
0.0080306,0.0757863,0.100391,-8.62373e-05,-0.000156562,3.75771e-05,0.01640707,0.08445764,-0.018848,-0.0003439503,-8.21966e-05,0.0004071041,6.4490536e-05,0.0057435633,0.010078353,7.4368719e-09,2.451166e-08,1.4120384e-09,0.00026919195,0.007133093,0.0003552471,1.1830181e-07,6.7562811e-09,1.6573375e-07,-0.026075762,0.056138951,0.030789758,-0.12832733,-0.0070275136,0
0.000559745,0.0192216,0.100449,-0.00104961,-0.000433038,3.75771e-05,-0.007470855,-0.0565647,5.8e-05,-0.0009633727,-0.000276476,0,3.1331447e-07,0.00036946991,0.010090002,1.1016812e-06,1.8752191e-07,1.4120384e-09,5.5813674e-05,0.0031995653,3.364e-09,9.2808696e-07,7.6438979e-08,0,0.043251574,-0.10206668,-0.0039483953,0.12179105,0.028752824,0
0.000559745,0.0167511,0.0865773,-8.35789e-05,-0.000433038,3.75771e-05,0,-0.0024705,-0.0138717,0.0009660311,0,0,3.1331447e-07,0.00028059935,0.0074956289,6.9854325e-09,1.8752191e-07,1.4120384e-09,0,6.1033703e-06,0.00019242406,9.3321609e-07,0,0,-0.13037329,0.066056702,0.05866429,-0.037409844,-0.0059444652,0
0.000534082,0.083267,0.0192153,-0.000992406,-0.000560269,-8.86551e-05,-2.5663e-05,0.0665159,-0.067362,-0.0009088271,-0.000127231,-0.0001262322,2.8524358e-07,0.0069333933,0.00036922775,9.8486967e-07,3.1390135e-07,7.8597268e-09,6.5858957e-10,0.004424365,0.004537639,8.259667e-07,1.6187727e-08,1.5934568e-08,0.050011644,0.1713884,-0.085503841,0.0099984654,0.13801371,0
0.000559745,-0.00895604,0.0605531,-0.000566527,-0.000433038,3.75771e-05,2.5663e-05,-0.09222304,0.0413378,0.000425879,0.000127231,0.0001262322,3.1331447e-07,8.0210652e-05,0.0036666779,3.2095284e-07,1.8752191e-07,1.4120384e-09,6.5858957e-10,0.0085050891,0.0017088137,1.8137292e-07,1.6187727e-08,1.5934568e-08,-0.0038499079,-0.076499676,-0.069704094,0.072185496,-0.12579915,0
0.000541786,0.0468709,0.0827962,-0.000233874,1.56504e-05,3.75771e-05,-1.7959e-05,0.05582694,0.0222431,0.000332653,0.0004486884,0,2.9353207e-07,0.0021968813,0.0068552107,5.4697048e-08,2.4493502e-10,1.4120384e-09,3.2252568e-10,0.0031166472,0.0004947555,1.1065802e-07,2.0132128e-07,0,0.020384018,0.0048282945,-0.011953361,-0.18252248,-0.054130958,0
0.000559746,0.0996725,0.0349028,-0.000561125,-0.000433039,3.75771e-05,1.796e-05,0.0528016,-0.0478934,-0.000327251,-0.0004486894,0,3.1331558e-07,0.0099346073,0.0012182054,3.1486127e-07,1.8752278e-07,1.4120384e-09,3.225616e-10,0.002788009,0.0022937778,1.0709322e-07,2.0132218e-07,0,0.14412971,-0.032874581,0.12645747,0.077797524,-0.029746478,0
0.0121878,-0.0169415,0.0991534,3.96676e-05,-6.59778e-05,3.75771e-05,0.011628054,-0.116614,0.0642506,0.0006007926,0.0003670612,0,0.00014854247,0.00028701442,0.0098313967,1.5735185e-09,4.3530701e-09,1.4120384e-09,0.00013521164,0.013598825,0.0041281396,3.6095175e-07,1.3473392e-07,0,-0.11115121,-0.037466557,0.037665702,-0.07142589,-0.012083045,0
0.000572823,0.127336,-0.0266507,-0.00127315,-0.00069829,0.000206234,-0.011614977,0.1442775,-0.1258041,-0.0013128176,-0.0006323122,0.0001686569,3.2812619e-07,0.016214457,0.00071025981,1.6209109e-06,4.8760892e-07,4.2532463e-08,0.00013490769,0.020815997,0.015826672,1.7234901e-06,3.9981872e-07,2.844515e-08,0.059979054,0.11400141,-0.016234872,-0.0011059854,0.1446842,0
0.00445168,-0.0564786,0.07858,-0.000109206,9.6085e-05,0.000189241,0.003878857,-0.1838146,0.1052307,0.001163944,0.000794375,-1.6993e-05,1.9817455e-05,0.0031898323,0.0061748164,1.192595e-08,9.2323272e-09,3.5812156e-08,1.5045532e-05,0.033787807,0.0110735,1.3547656e-06,6.3103164e-07,2.8876205e-10,0.0063861697,-0.086568882,-0.032611456,0.060306359,-0.12455931,0
0.0234855,0.0912976,0.0857797,-0.000503413,-0.00024864,0.000411244,0.01903382,0.1477762,0.0071997,-0.000394207,-0.000344725,0.000222003,0.00055156871,0.0083352518,0.0073581569,2.5342465e-07,6.182185e-08,1.6912163e-07,0.0003622863,0.021837805,5.183568e-05,1.5539916e-07,1.1883533e-07,4.9285332e-08,0.091681864,-0.0090724998,0.016442677,-0.10661664,-0.024469667,0
0.0442773,0.128242,0.138437,0.000999831,-1.52537e-05,0.000573057,0.0207918,0.0369444,0.0526573,0.001503244,0.0002333863,0.000161813,0.0019604793,0.016446011,0.019164803,9.9966203e-07,2.3267536e-10,3.2839433e-07,0.00043229895,0.0013648887,0.0027727912,2.2597425e-06,5.4469165e-08,2.6183447e-08,-0.025978711,-0.15354493,0.0582931,0.065500394,-0.048943444,0
0.0444111,0.124109,0.158714,0.000385146,-0.000849089,0.000573057,0.0001338,-0.004133,0.020277,-0.000614685,-0.0008338353,0,0.0019723458,0.015403044,0.025190134,1.4833744e-07,7.2095213e-07,3.2839433e-07,1.790244e-08,1.7081689e-05,0.00041115673,3.7783765e-07,6.9528131e-07,0,0.013575684,-0.094749803,0.0081355255,-0.096681404,0.056173817,0
0.044355,0.145853,0.110593,0.000353996,-0.000433039,0.000573057,-5.61e-05,0.021744,-0.048121,-3.115e-05,0.00041605,0,0.001967366,0.021273098,0.012230812,1.2531317e-07,1.8752278e-07,3.2839433e-07,3.14721e-09,0.00047280154,0.0023156306,9.703225e-10,1.730976e-07,0,-0.05329731,-0.066961399,0.10005756,0.13923947,0.077516718,0
0.0284076,0.029319,0.100761,0.000413282,-6.79076e-05,0.000573057,-0.0159474,-0.116534,-0.009832,5.9286e-05,0.0003651314,0,0.00080699174,0.00085960376,0.010152779,1.7080201e-07,4.6114421e-09,3.2839433e-07,0.00025431957,0.013580173,9.6668224e-05,3.5148298e-09,1.3332094e-07,0,-0.074481757,0.011898994,0.053316515,-0.12230803,0.082463936,0
0.0289533,0.0531389,0.0396812,0.000243093,0.000298596,0.000487623,0.0005457,0.0238199,-0.0610798,-0.000170189,0.0003665036,-8.5434e-05,0.00083829358,0.0028237427,0.0015745976,5.9094207e-08,8.9159571e-08,2.3777619e-07,2.9778849e-07,0.00056738764,0.003730742,2.8964296e-08,1.3432489e-07,7.2989684e-09,0.055486987,-0.06596564,0.049925841,0.13283201,0.090427014,0
0.0234353,0.0398596,0.057746,0.000204256,0.000298596,0.000573057,-0.005518,-0.0132793,0.0180648,-3.8837e-05,0,8.5434e-05,0.00054921329,0.0015887877,0.0033346005,4.1720514e-08,8.9159571e-08,3.2839433e-07,3.0448324e-05,0.00017633981,0.000326337,1.5083126e-09,0,7.2989684e-09,-0.056779529,0.10759112,0.058431422,-0.039974176,-0.02263403,0
0.00204797,0.0917693,0.0223655,-0.000434393,2.93347e-05,0.000235203,-0.02138733,0.0519097,-0.0353805,-0.000638649,-0.0002692613,-0.000337854,4.1941811e-06,0.0084216044,0.00050021559,1.8869728e-07,8.6052462e-10,5.5320451e-08,0.00045741788,0.002694617,0.0012517798,4.0787255e-07,7.2501648e-08,1.1414533e-07,-0.02169056,0.10422582,-0.028743585,0.058603553,0.10480862,0
0.0230891,-0.0230874,0.0949118,-0.000262519,0.000298596,0.000757439,0.02104113,-0.1148567,0.0725463,0.000171874,0.0002692613,0.000522236,0.00053310654,0.00053302804,0.0090082498,6.8916225e-08,8.9159571e-08,5.7371384e-07,0.00044272915,0.013192062,0.0052629656,2.9540672e-08,7.2501648e-08,2.7273044e-07,-0.011612778,-0.11304366,-0.1161984,-0.042211415,0.0023687082,0
0.0298957,0.0793321,0.0501628,-0.000571567,0.000298596,0.00101041,0.0068066,0.1024195,-0.044749,-0.000309048,0,0.000252971,0.00089375288,0.0062935821,0.0025163065,3.2668884e-07,8.9159571e-08,1.0209284e-06,4.6329804e-05,0.010489754,0.002002473,9.5510666e-08,0,6.3994327e-08,0.0032356759,0.14044805,0.03377547,0.030684463,0.010263904,0
0.0365685,0.00382352,0.0556143,-0.000604253,0.00046048,0.000822397,0.0066728,-0.07550858,0.0054515,-3.2686e-05,0.000161884,-0.000188013,0.0013372552,1.4619305e-05,0.0030929504,3.6512169e-07,2.1204183e-07,6.7633683e-07,4.452626e-05,0.0057015457,2.9718852e-05,1.0683746e-09,2.6206429e-08,3.5348888e-08,-0.057672661,-0.057735594,-0.15142276,0.068967244,0.019536162,0
0.0337433,0.00380078,0.0504645,3.41341e-05,0.000298597,0.000870345,-0.0028252,-2.274e-05,-0.0051498,0.0006383871,-0.000161883,4.7948e-05,0.0011386103,1.4445929e-05,0.0025466658,1.1651368e-09,8.9160168e-08,7.5750042e-07,7.981755e-06,5.171076e-10,2.652044e-05,4.0753809e-07,2.6206106e-08,2.2990107e-09,-0.080747537,0.12425158,-0.077669135,0.020687728,-0.076231828,0
0.0212561,0.0981477,-0.0194026,-0.000869871,-0.000130799,0.000613152,-0.0124872,0.09434692,-0.0698671,-0.0009040051,-0.000429396,-0.000257193,0.00045182179,0.009632971,0.00037646089,7.5667556e-07,1.7108378e-08,3.7595538e-07,0.00015593016,0.0089013413,0.0048814117,8.1722522e-07,1.8438092e-07,6.6148239e-08,0.13644316,0.082790684,-0.02635062,0.015863295,0.016730449,0
0.0161512,-0.0525835,-0.0410538,-0.000160078,0.000298596,0.000608324,-0.0051049,-0.1507312,-0.0216512,0.000709793,0.000429395,-4.828e-06,0.00026086126,0.0027650245,0.0016854145,2.5624966e-08,8.9159571e-08,3.7005809e-07,2.6060004e-05,0.022719895,0.00046877446,5.038061e-07,1.8438007e-07,2.3309584e-11,-0.035605745,0.0827552,0.1304029,-0.023811516,-0.13670578,0
0.0156137,-0.0128054,-0.0156347,0.000198378,9.25015e-05,0.000608846,-0.0005375,0.0397781,0.0254191,0.000358456,-0.0002060945,5.22e-07,0.00024378763,0.00016397827,0.00024444384,3.9353831e-08,8.5565275e-09,3.7069345e-07,2.8890625e-07,0.0015822972,0.00064613064,1.284907e-07,4.2474943e-08,2.72484e-13,0.087354593,0.014245789,-0.020178196,-0.11612635,-0.0059724089,0
0.00878394,0.0461162,-0.0489438,-5.78813e-05,-1.19201e-05,0.000592225,-0.00682976,0.0589216,-0.0333091,-0.0002562593,-0.0001044216,-1.6621e-05,7.7157602e-05,0.0021267039,0.0023954956,3.3502449e-09,1.4208878e-10,3.5073045e-07,4.6645622e-05,0.0034717549,0.0011094961,6.5668829e-08,1.0903871e-08,2.7625764e-10,0.066684962,0.092526339,0.11425745,0.14443665,-0.10620666,0
0.029895,-0.0310475,0.0710961,-0.000376042,-0.000161079,0.000376764,0.02111106,-0.0771637,0.1200399,-0.0003181607,-0.0001491589,-0.000215461,0.00089371103,0.00096394726,0.0050546554,1.4140759e-07,2.5946444e-08,1.4195111e-07,0.00044567685,0.0059542366,0.014409578,1.0122623e-07,2.2248377e-08,4.6423443e-08,-0.094363759,-0.025822801,0.013821343,-0.048013435,-0.10944075,0
0.0110286,0.0502062,0.00341459,-0.000788164,-0.000142591,0.000321315,-0.0188664,0.0812537,-0.06768151,-0.000412122,1.8488e-05,-5.5449e-05,0.00012163002,0.0025206625,1.1659425e-05,6.2120249e-07,2.0332193e-08,1.0324333e-07,0.00035594105,0.0066021638,0.0045807868,1.6984454e-07,3.4180614e-10,3.0745916e-09,0.14576835,0.047645893,-0.012145048,-0.049820698,0.03687215,0
0.0214552,-0.0206774,0.0511205,-0.000313422,0.000118561,0.000321315,0.0104266,-0.0708836,0.04770591,0.000474742,0.000261152,0,0.00046032561,0.00042755487,0.0026133055,9.823335e-08,1.4056711e-08,1.0324333e-07,0.00010871399,0.0050244847,0.0022758538,2.2537997e-07,6.8200367e-08,0,-0.012495664,-0.074271985,0.08550904,0.079669132,-0.14830592,0
0.0298969,0.0124308,0.0471684,0.000181058,0.000134359,0.000321315,0.0084417,0.0331082,-0.0039521,0.00049448,1.5798e-05,0,0.00089382463,0.00015452479,0.002224858,3.2781999e-08,1.8052341e-08,1.0324333e-07,7.1262299e-05,0.0010961529,1.5619094e-05,2.4451047e-07,2.495768e-10,0,0.010272396,0.021052067,0.050345697,-0.10847525,-0.076843864,0
0.029937,0.041516,0.0257973,0.000168807,-0.000285714,0.000321315,4.01e-05,0.0290852,-0.0213711,-1.2251e-05,-0.000420073,0,0.00089622397,0.0017235783,0.00066550069,2.8495803e-08,8.163249e-08,1.0324333e-07,1.60801e-09,0.00084594886,0.00045672392,1.50087e-10,1.7646133e-07,0,0.077796632,-0.085269639,-0.011015616,0.028413783,-0.031469654,0
0.0337614,-0.0161375,0.0830541,-0.000114488,0.000298597,0.000644175,0.0038244,-0.0576535,0.0572568,-0.000283295,0.000584311,0.00032286,0.0011398321,0.00026041891,0.0068979835,1.3107502e-08,8.9160168e-08,4.1496143e-07,1.4626035e-05,0.0033239261,0.0032783411,8.0256057e-08,3.4141934e-07,1.0423858e-07,-0.04315304,0.0035383806,0.12482267,-0.028118272,-0.074774451,0
0.0299233,0.0585854,0.0420244,-0.000803014,-0.00019465,0.000547119,-0.0038381,0.0747229,-0.0410297,-0.000688526,-0.000493247,-9.7056e-05,0.00089540388,0.0034322491,0.0017660502,6.4483148e-07,3.7888622e-08,2.993392e-07,1.4731012e-05,0.0055835118,0.0016834363,4.7406805e-07,2.432926e-07,9.4198671e-09,0.093934684,-0.02813953,0.057632309,-0.025039455,0.13912054,0
0.0331723,-0.00743491,0.0697185,0.00011634,-4.58914e-05,0.000321315,0.003249,-0.06602031,0.0276941,0.000919354,0.0001487586,-0.000225804,0.0011004015,5.5277887e-05,0.0048606692,1.3534996e-08,2.1060206e-09,1.0324333e-07,1.0556001e-05,0.0043586813,0.00076696317,8.4521178e-07,2.2129121e-08,5.0987446e-08,-0.1026242,-0.073537188,0.0956834,0.083052135,0.0001287799,0
0.032315,0.00340405,0.0608074,0.000489492,-0.000113534,0.00046156,-0.0008573,0.01083896,-0.0089111,0.000373152,-6.76426e-05,0.000140245,0.0010442592,1.1587556e-05,0.0036975399,2.3960242e-07,1.2889969e-08,2.1303763e-07,7.3496329e-07,0.00011748305,7.9407703e-05,1.3924242e-07,4.5755213e-09,1.966866e-08,-0.075985767,-0.027566492,0.016748463,-0.10285618,0.067245434,0
0.0269536,0.0571489,0.0402183,0.000334604,-0.000482539,0.000402345,-0.0053614,0.05374485,-0.0205891,-0.000154888,-0.000369005,-5.9215e-05,0.00072649655,0.0032659968,0.0016175117,1.1195984e-07,2.3284389e-07,1.618815e-07,2.874461e-05,0.0028885089,0.00042391104,2.3990293e-08,1.3616469e-07,3.5064162e-09,0.070041648,0.011854985,-0.052054994,0.081827823,0.099941294,0
0.0190369,0.00238701,0.0682504,-0.000422948,-0.000316536,0.00052807,-0.0079167,-0.05476189,0.0280321,-0.000757552,0.000166003,0.000125725,0.00036240356,5.6978167e-06,0.0046581171,1.7888501e-07,1.0019504e-07,2.7885792e-07,6.2674139e-05,0.0029988646,0.00078579863,5.7388503e-07,2.7556996e-08,1.5806776e-08,-0.063463085,-0.025736551,-0.071303955,-0.11789989,0.032473916,0
0.0127306,0.033167,0.0550786,-0.000483115,-0.000466188,0.000108547,-0.0063063,0.03077999,-0.0131718,-6.0167e-05,-0.000149652,-0.000419523,0.00016206818,0.0011000499,0.0030336522,2.334001e-07,2.1733125e-07,1.1782451e-08,3.976942e-05,0.00094740778,0.00017349632,3.6200679e-09,2.2395721e-08,1.7599955e-07,-0.032596057,0.075909877,0.090059607,0.10486027,0.07711378,0
0.0075743,0.029581,0.0171811,-0.000876404,-0.000956114,0.000528071,-0.0051563,-0.003586,-0.0378975,-0.000393289,-0.000489926,0.000419524,5.737002e-05,0.00087503556,0.0002951902,7.6808397e-07,9.1415398e-07,2.7885898e-07,2.658743e-05,1.2859396e-05,0.0014362205,1.5467624e-07,2.4002749e-07,1.7600039e-07,-0.16403817,0.080752082,-0.16420468,0.0087009384,0.12144045,0
0.0113113,-0.0131746,0.0392148,-0.000166626,-0.000296958,0.000124374,0.003737,-0.0427556,0.0220337,0.000709778,0.000659156,-0.000403697,0.00012794551,0.00017357009,0.0015378005,2.7764224e-08,8.8184054e-08,1.5468892e-08,1.3965169e-05,0.0018280413,0.00048548394,5.0378481e-07,4.3448663e-07,1.6297127e-07,0.055860814,0.043032676,-0.12815268,0.095391347,-0.05958283,0
0.00763847,0.0834869,0.0237404,-0.000709995,-0.000414884,0.000218976,-0.00367283,0.0966615,-0.0154744,-0.000543369,-0.000117926,9.4602e-05,5.8346224e-05,0.0069700625,0.00056360659,5.040929e-07,1.7212873e-07,4.7950489e-08,1.348968e-05,0.0093434456,0.00023945706,2.9524987e-07,1.3906541e-08,8.9495384e-09,0.1276273,0.0087818986,0.0019949776,-0.13739904,-0.065186691,0
0.0122133,0.00311184,0.1057,0.000253948,-0.000324898,0.000232339,0.00457483,-0.08037506,0.0819596,0.000963943,8.9986e-05,1.3363e-05,0.0001491647,9.6835482e-06,0.01117249,6.4489587e-08,1.0555871e-07,5.3981411e-08,2.092907e-05,0.0064601503,0.006717376,9.2918611e-07,8.0974802e-09,1.7856977e-10,-0.013584898,-0.11804971,0.12476408,-0.070602079,-0.037415031,0
0.0213243,0.0116997,0.0852177,3.80302e-05,-0.000380024,0.000268923,0.009111,0.00858786,-0.0204823,-0.0002159178,-5.5126e-05,3.6584e-05,0.00045472577,0.00013688298,0.0072620564,1.4462961e-09,1.4441824e-07,7.231958e-08,8.3010321e-05,7.3751339e-05,0.00041952461,4.6620496e-08,3.0388759e-09,1.3383891e-09,0.096896109,-0.10654178,0.094408286,-0.023828815,0.055696774,0
0.0129665,0.0236108,0.0621467,0.000250091,-0.000447494,0.000146971,-0.0083578,0.0119111,-0.023071,0.0002120608,-6.747e-05,-0.000121952,0.00016813012,0.00055746988,0.0038622123,6.2545508e-08,2.0025088e-07,2.1600475e-08,6.9852821e-05,0.0001418743,0.00053227104,4.4969783e-08,4.5522009e-09,1.487229e-08,-0.13309946,0.014411074,0.037419702,0.10076741,0.059287076,0
0.0149197,0.0347023,0.0461841,0.000620363,-0.000408771,0.000230266,0.0019532,0.0110915,-0.0159626,0.000370272,3.8723e-05,8.3295e-05,0.00022259745,0.0012042496,0.0021329711,3.8485025e-07,1.6709373e-07,5.3022431e-08,3.8149902e-06,0.00012302137,0.0002548046,1.3710135e-07,1.4994707e-09,6.938057e-09,0.034590695,-0.038906667,-0.096073673,-0.091949021,0.019674911,0
0.0139086,0.0631078,0.052329,-0.000605865,-0.000642461,0.000382076,-0.0010111,0.0284055,0.0061449,-0.001226228,-0.00023369,0.00015181,0.00019344915,0.0039825944,0.0027383242,3.670724e-07,4.1275614e-07,1.4598207e-07,1.0223232e-06,0.00080687243,3.7759796e-05,1.5036351e-06,5.4611016e-08,2.3046276e-08,0.029478097,0.099044655,0.091177291,-0.046358232,-0.080597527,0
0.00965292,0.0595537,0.0362382,-0.000697677,-0.000284112,0.000528071,-0.00425568,-0.0035541,-0.0160908,-9.1812e-05,0.000358349,0.000145995,9.3178865e-05,0.0035466432,0.0013132071,4.867532e-07,8.0719629e-08,2.7885898e-07,1.8110812e-05,1.2631627e-05,0.00025891384,8.4294433e-09,1.2841401e-07,2.131454e-08,0.057205447,-0.05903305,0.04340215,0.056103118,-0.029752774,0
0.022084,0.000384043,0.0962277,0.000141422,-0.000367914,0.000528071,0.01243108,-0.059169657,0.0599895,0.000839099,-8.3802e-05,0,0.00048770306,1.4748903e-07,0.0092597702,2.0000182e-08,1.3536071e-07,2.7885898e-07,0.00015453175,0.0035010483,0.0035987401,7.0408713e-07,7.0227752e-09,0,-0.04266117,-0.067264148,0.071778902,-0.10677529,-0.081042378,0
0.0277878,0.0724547,0.0771722,-0.000666524,-0.000560622,0.000528071,0.0057038,0.072070657,-0.0190555,-0.000807946,-0.000192708,0,0.00077216183,0.0052496836,0.0059555485,4.4425424e-07,3.1429703e-07,2.7885898e-07,3.2533334e-05,0.0051941796,0.00036311208,6.5277674e-07,3.7136373e-08,0,0.17748662,-0.045170696,0.026388834,0.042865865,-0.017305542,0
0.0301668,0.0633146,0.111759,0.000190797,-0.000143317,0.000988682,0.002379,-0.0091401,0.0345868,0.000857321,0.000417305,0.000460611,0.00091003582,0.0040087386,0.012490074,3.6403495e-08,2.0539762e-08,9.774921e-07,5.659641e-06,8.3541428e-05,0.0011962467,7.349993e-07,1.7414346e-07,2.1216249e-07,-0.14012652,-0.083828172,0.060892684,-0.0041765758,-0.091060093,0
0.0301457,0.0336545,0.103058,0.000190797,-0.00035025,0.00088678,-2.11e-05,-0.0296601,-0.008701,0,-0.000206933,-0.000101902,0.00090876323,0.0011326254,0.010620951,3.6403495e-08,1.2267506e-07,7.8637877e-07,4.4521e-10,0.00087972153,7.5707401e-05,0,4.2821266e-08,1.0384018e-08,0.036453551,-0.054987711,-0.12053653,-0.039944415,0.10201389,0
0.0170681,0.0506534,0.094432,1.25712e-05,-0.000696028,0.000528071,-0.0130776,0.0169989,-0.008626,-0.0001782258,-0.000345778,-0.000358709,0.00029132004,0.0025657669,0.0089174026,1.5803507e-10,4.8445498e-07,2.7885898e-07,0.00017102362,0.0002889626,7.4407876e-05,3.1764436e-08,1.1956243e-07,1.2867215e-07,0.019093188,0.070174876,-0.069149327,0.16766261,-0.052969561,0
0.0301015,-0.0213239,0.103116,0.000613595,-0.000176261,0.000528071,0.0130334,-0.0719773,0.008684,0.0006010238,0.000519767,0,0.0009061003,0.00045470871,0.010632909,3.7649882e-07,3.106794e-08,2.7885898e-07,0.00016986952,0.0051807317,7.5411856e-05,3.6122961e-07,2.7015773e-07,0,-0.092340789,0.041108123,-0.1252555,-0.087081992,-0.10239119,0
0.0301578,0.0735755,0.0764233,0.000190797,-0.00051323,0.000528071,5.63e-05,0.0948994,-0.0266927,-0.000422798,-0.000336969,0,0.0009094929,0.0054133542,0.0058405208,3.6403495e-08,2.6340503e-07,2.7885898e-07,3.16969e-09,0.0090058961,0.00071250023,1.7875815e-07,1.1354811e-07,0,0.077821951,-0.058036999,-0.11118498,0.028988267,-0.051138023,0
0.0282297,0.0439333,0.127404,-0.000534829,-0.000916159,0.000350564,-0.0019281,-0.0296422,0.0509807,-0.000725626,-0.000402929,-0.000177507,0.00079691596,0.0019301348,0.016231779,2.8604206e-07,8.3934731e-07,1.2289512e-07,3.7175696e-06,0.00087866002,0.0025990318,5.2653309e-07,1.6235178e-07,3.1508735e-08,-0.1239767,0.050056395,-0.076575023,0.037523113,0.0038134716,0
0.0255481,-0.00556963,0.0930984,0.000497412,-0.000558546,0.00015273,-0.0026816,-0.04950293,-0.0343056,0.001032241,0.000357613,-0.000197834,0.00065270541,3.1020778e-05,0.0086673121,2.474187e-07,3.1197363e-07,2.3326453e-08,7.1909786e-06,0.0024505401,0.0011768742,1.0655215e-06,1.2788706e-07,3.9138292e-08,-0.044447491,-0.0037210251,-0.14872561,-0.049682529,0.063524763,0
0.0275328,0.100169,0.0519693,6.61005e-05,-0.00124625,0.000583516,0.0019847,0.10573863,-0.0411291,-0.0004313115,-0.000687704,0.000430786,0.00075805508,0.010033829,0.0027008081,4.3692761e-09,1.5531391e-06,3.4049092e-07,3.9390341e-06,0.011180658,0.0016916029,1.8602961e-07,4.7293679e-07,1.8557658e-07,0.042297722,0.05276813,-0.062633901,0.093953619,0.034653319,0
0.0131833,0.0234962,0.0749831,-0.000795261,-0.000645857,0.000583516,-0.0143495,-0.0766728,0.0230138,-0.0008613615,0.000600393,0,0.0001737994,0.00055207141,0.0056224653,6.3244006e-07,4.1713126e-07,3.4049092e-07,0.00020590815,0.0058787183,0.00052963499,7.4194363e-07,3.6047175e-07,0,-0.1293672,0.015563736,-0.11788804,-0.016671812,0.082432199,0
0.0143667,0.0109213,0.058246,-0.000372792,-0.000551351,0.000583516,0.0011834,-0.0125749,-0.0167371,0.000422469,9.4506e-05,0,0.00020640207,0.00011927479,0.0033925965,1.3897388e-07,3.0398793e-07,3.4049092e-07,1.4004356e-06,0.00015812811,0.00028013052,1.7848006e-07,8.931384e-09,0,0.031361206,0.071369449,-0.063808273,0.043961013,0.038149209,0
0.00604389,0.0760432,0.0326978,-0.000824024,-0.000569321,0.000583516,-0.00832281,0.0651219,-0.0255482,-0.000451232,-1.797e-05,0,3.6528606e-05,0.0057825683,0.0010691461,6.7901555e-07,3.241264e-07,3.4049092e-07,6.9269166e-05,0.0042408619,0.00065271052,2.0361032e-07,3.229209e-10,0,-0.029072519,0.04028896,-0.020319509,-0.059020165,0.1004405,0
0.019959,-0.00856228,0.0875046,9.21153e-05,-0.000613088,0.000583516,0.01391511,-0.08460548,0.0548068,0.0009161393,-4.3767e-05,0,0.00039836168,7.3312639e-05,0.007657055,8.4852285e-09,3.758769e-07,3.4049092e-07,0.00019363029,0.0071580872,0.0030037853,8.3931122e-07,1.9155503e-09,0,0.017693682,-0.080146043,0.002908298,0.040550326,-0.0065816733,0
0.00415487,0.0815534,0.0465217,-0.00067801,-0.000625409,0.000391046,-0.01580413,0.09011568,-0.0409829,-0.0007701253,-1.2321e-05,-0.00019247,1.7262945e-05,0.0066509571,0.0021642686,4.5969756e-07,3.9113642e-07,1.5291697e-07,0.00024977053,0.0081208358,0.0016795981,5.9309298e-07,1.5180704e-10,3.7044701e-08,0.026921565,0.026614392,0.0061896299,-0.06447053,0.16420959,0
0.011916,-0.0166091,0.0603415,-0.00031917,-0.000372489,0.000583516,0.00776113,-0.0981625,0.0138198,0.00035884,0.00025292,0.00019247,0.00014199106,0.0002758622,0.0036410966,1.0186949e-07,1.3874806e-07,3.4049092e-07,6.0235139e-05,0.0096358764,0.00019098687,1.2876615e-07,6.3968526e-08,3.7044701e-08,-0.10682832,-0.029778797,-0.055271566,0.12791304,-0.013788881,0
0.0114833,0.0367305,0.0181176,-5.24841e-05,-0.000509926,0.000583516,-0.0004327,0.0533396,-0.0422239,0.0002666859,-0.000137437,0,0.00013186618,0.0013491296,0.00032824743,2.7545808e-09,2.6002453e-07,3.4049092e-07,1.8722929e-07,0.0028451129,0.0017828577,7.1121369e-08,1.8888929e-08,0,-0.012257693,0.16605317,-0.054090168,-0.12202358,-0.011303848,0
0.00178122,0.0262875,0.0234511,-0.00067801,-0.000509926,0.000306148,-0.00970208,-0.010443,0.0053335,-0.0006255259,0,-0.000277368,3.1727447e-06,0.00069103266,0.00054995409,4.5969756e-07,2.6002453e-07,9.3726598e-08,9.4130356e-05,0.00010905625,2.8446222e-05,3.9128265e-07,0,7.6933007e-08,0.085773396,0.01507127,-0.079555048,0.13703066,-0.082059277,0
0.0142935,-0.0107271,0.0731262,0.00015493,-0.000509926,0.000583516,0.01251228,-0.0370146,0.0496751,0.00083294,0,0.000277368,0.00020430414,0.00011507067,0.0053474411,2.4003305e-08,2.6002453e-07,3.4049092e-07,0.00015655715,0.0013700806,0.0024676156,6.9378904e-07,0,7.6933007e-08,-0.062939233,0.0065128812,0.020296427,-0.15525574,-0.13968359,0
0.0303895,0.0341602,0.0252425,-0.000577953,-0.000509926,0.000583516,0.016096,0.0448873,-0.0478837,-0.000732883,0,0,0.00092352171,0.0011669193,0.00063718381,3.3402967e-07,2.6002453e-07,3.4049092e-07,0.00025908122,0.0020148697,0.0022928487,5.3711749e-07,0,0,0.17547698,0.020630183,0.001425401,-0.041758018,0.023191973,0
0.0303788,-0.00865774,0.027824,0.000169954,-0.000194128,0.000583516,-1.07e-05,-0.04281794,0.0025815,0.000747907,0.000315798,0,0.00092287149,7.4956462e-05,0.00077417498,2.8884362e-08,3.768568e-08,3.4049092e-07,1.1449e-10,0.001833376,6.6641423e-06,5.5936488e-07,9.9728377e-08,0,-0.047045572,-0.027728229,0.17046079,0.10250059,-0.050158655,0
0.0378548,0.00356,0.0141719,0.000892594,-0.000509926,9.6772e-05,0.007476,0.01221774,-0.0136521,0.00072264,-0.000315798,-0.000486744,0.0014329859,1.26736e-05,0.00020084275,7.9672405e-07,2.6002453e-07,9.36482e-09,5.5890576e-05,0.00014927317,0.00018637983,5.2220857e-07,9.9728377e-08,2.3691972e-07,-0.018198547,0.014168048,0.11749015,-0.085510601,-0.024192084,0
0.0351202,0.0655772,0.00363034,-0.000826905,-0.000326467,0.00110474,-0.0027346,0.0620172,-0.01054156,-0.001719499,0.000183459,0.001007968,0.0012334284,0.0043003692,1.3179369e-05,6.8377188e-07,1.065807e-07,1.2204505e-06,7.4780372e-06,0.0038461331,0.00011112449,2.9566768e-06,3.3657205e-08,1.0159995e-06,0.016374197,0.06634843,0.1282429,-0.062659691,0.070918516,0
0.0305084,0.000259772,0.0430194,-8.99076e-05,-0.000334615,0.000993971,-0.0046118,-0.065317428,0.03938906,0.0007369974,-8.148e-06,-0.000110769,0.00093076247,6.7481492e-08,0.0018506688,8.0833765e-09,1.119672e-07,9.8797835e-07,2.1268699e-05,0.0042663664,0.001551498,5.4316517e-07,6.6389904e-11,1.2269771e-08,-0.049709919,-0.10672847,-0.031213937,-0.030855059,0.028634303,0
0.0495944,0.0144334,0.0191568,-8.99076e-05,-0.000509926,0.0012102,0.019086,0.014173628,-0.0238626,0,-0.000175311,0.000216229,0.0024596045,0.00020832304,0.00036698299,8.0833765e-09,2.6002453e-07,1.464584e-06,0.0003642754,0.00020089173,0.00056942368,0,3.0733947e-08,4.675498e-08,0.085480951,-0.097341646,0.014577874,-0.05671014,-0.0078411395,0
0.0495944,0.00496272,0.0191568,-8.99076e-05,-0.000509926,0.000944036,0,-0.00947068,0,0,0,-0.000266164,0.0024596045,2.462859e-05,0.00036698299,8.0833765e-09,2.6002453e-07,8.9120397e-07,0,8.969378e-05,0,0,0,7.0843275e-08,0.054872572,0.0043023628,0.15271026,0.16363981,-0.019643574,0
0.0520576,0.0549704,0.0144809,-0.000903134,-8.47067e-05,0.0014482,0.0024632,0.05000768,-0.0046759,-0.0008132264,0.0004252193,0.000504164,0.0027099937,0.0030217449,0.00020969646,8.1565102e-07,7.175225e-09,2.0972832e-06,6.0673542e-06,0.0025007681,2.1864041e-05,6.6133718e-07,1.8081145e-07,2.5418134e-07,-0.046484092,0.0065923332,0.023329159,0.064308384,0.018901178,0
