trans_x,trans_y,trans_z,rot_x,rot_y,rot_z,trans_x_der,trans_y_der,trans_z_der,rot_x_der,rot_y_der,rot_z_der,trans_x_2,trans_y_2,trans_z_2,rot_x_2,rot_y_2,rot_z_2,trans_x_der_2,trans_y_der_2,trans_z_der_2,rot_x_der_2,rot_y_der_2,rot_z_der_2,a_comp_cor_00,a_comp_cor_01,a_comp_cor_02,a_comp_cor_03,a_comp_cor_04,0,0.1,0.2,0.3,0.4,0.5,0.6,0.7,0.8,0.9,0.10,0.11,0.12,0.13,0.14
0.000255906,-0.109117,-0.193303,-0.00300026,-3.71788e-05,0.00116673,0,0,0,0,0,0,6.5487881e-08,0.01190652,0.03736605,9.0015601e-06,1.3822632e-09,1.3612589e-06,0,0,0,0,0,0,0.190664,0.084439554,-0.017473398,0.087893792,-0.090653812,0,0,0,0,0,0,0,0,0,0,0,0,0,0,0
0.00763452,-0.0581592,-0.161555,-0.00305345,0.000196396,0.00079208,0.007378614,0.0509578,0.031748,-5.319e-05,0.0002335748,-0.00037465,5.8285896e-05,0.0033824925,0.026100018,9.3235569e-06,3.8571389e-08,6.2739073e-07,5.4443945e-05,0.0025966974,0.0010079355,2.8291761e-09,5.4557187e-08,1.4036262e-07,0.069697978,0.039766872,0.014107687,-0.0028446857,0.053337971,0.3363319,0,0,-0.97995338,0,0,1.8664935,0,0,-2.4948258,0,0,3.0341856,0,0
-0.00862562,-0.11053,-0.140981,-0.00308233,0.000263783,0.000764036,-0.01626014,-0.0523708,0.020574,-2.888e-05,6.7387e-05,-2.8044e-05,7.440132e-05,0.012216881,0.019875642,9.5007582e-06,6.9581471e-08,5.8375101e-07,0.00026439215,0.0027427007,0.00042328948,8.340544e-10,4.5410078e-09,7.8646594e-10,0.021283249,0.0076401101,-0.0070021886,-0.030295802,0.075794044,8.0267167,0,0,-15.986889,0,0,22.771621,0,0,-24.455368,0,0,23.756792,0,0
0.000135927,-0.0402206,-0.114118,-0.00387566,3.83641e-05,0.000579054,0.008761547,0.0703094,0.026863,-0.00079333,-0.0002254189,-0.000184982,1.8476149e-08,0.0016176967,0.013022918,1.502074e-05,1.4718042e-09,3.3530353e-07,7.6764706e-05,0.0049434117,0.00072162077,6.2937249e-07,5.081368e-08,3.421834e-08,-0.0090614798,-0.038100172,-0.068433947,-0.13361661,-0.045805566,35.646218,0,0,-46.531439,0,0,44.872643,0,0,-31.42687,0,0,20.803266,0,0
-0.0292571,-0.0566672,-0.140879,-0.00306328,-0.000181274,0.00032541,-0.029393027,-0.0164466,-0.026761,0.00081238,-0.0002196381,-0.000253644,0.0008559779,0.0032111716,0.019846893,9.3836844e-06,3.2860263e-08,1.0589167e-07,0.00086395004,0.00027049065,0.00071615112,6.5996126e-07,4.8240895e-08,6.4335279e-08,-0.044055621,-0.024529173,0.0077181599,-0.041104928,0.11470786,75.67187,0,0,-56.365318,0,0,32.609345,0,0,-10.80615,0,0,14.182407,0,0
-0.0321901,-0.0732589,-0.0894866,-0.00262046,-3.76159e-05,4.08124e-05,-0.002933,-0.0165917,0.0513924,0.00044282,0.0001436581,-0.0002845976,0.0010362025,0.0053668664,0.0080078516,6.8668106e-06,1.4149559e-09,1.665652e-09,8.602489e-06,0.00027528451,0.0026411788,1.9608955e-07,2.063765e-08,8.0995794e-08,-0.028768329,0.018486914,-0.027420492,-0.037241219,0.1206075,108.81782,0,0,-29.662492,0,0,19.656091,0,0,-20.011735,0,0,32.98514,0,0
-0.0450386,-0.028334,-0.0549924,-0.00340197,-0.000352432,4.08124e-05,-0.0128485,0.0449249,0.0344942,-0.00078151,-0.0003148161,0,0.0020284755,0.00080281556,0.0030241641,1.15734e-05,1.2420831e-07,1.665652e-09,0.00016508395,0.0020182466,0.0011898498,6.1075788e-07,9.9109177e-08,0,-0.05260802,-0.025406526,-0.067040096,-0.090030267,0.029632713,123.57823,0,0,4.580444,0,0,45.727178,0,0,-27.022416,0,0,21.330641,0,0
-0.0324139,-0.0226045,-0.030723,-0.00393247,-0.00019376,4.08124e-05,0.0126247,0.0057295,0.0242694,-0.0005305,0.000158672,0,0.0010506609,0.00051096342,0.00094390273,1.546432e-05,3.7542938e-08,1.665652e-09,0.00015938305,3.282717e-05,0.00058900378,2.8143025e-07,2.5176804e-08,0,-0.037056657,0.041049558,-0.0036238421,0.013171088,0.086353966,123.83761,0,0,19.263492,0,0,77.170796,0,0,3.3965724,0,0,26.995908,0,0
-0.0158763,-0.0752555,-0.0757102,-0.00442869,-0.000292875,0.000197005,0.0165376,-0.052651,-0.0449872,-0.00049622,-9.9115e-05,0.0001561926,0.0002520569,0.0056633903,0.0057320344,1.9613295e-05,8.5775766e-08,3.881097e-08,0.00027349221,0.0027721278,0.0020238482,2.4623429e-07,9.8237832e-09,2.4396128e-08,-0.04543485,0.019516387,0.0021948665,-0.0060034875,0.0001316645,119.78057,0.3363319,0.3363319,20.244714,-0.97995338,-0.97995338,85.492863,1.8664935,1.8664935,30.588218,-2.4948258,-2.4948258,55.709365,3.0341856,3.0341856
0.00610364,0.00575673,-0.0716185,-0.00502179,-0.000620058,0.000243212,0.02197994,0.08101223,0.0040917,-0.0005931,-0.000327183,4.6207e-05,3.7254421e-05,3.313994e-05,0.0051292095,2.5218375e-05,3.8447192e-07,5.9152077e-08,0.00048311776,0.0065629814,1.6742009e-05,3.5176761e-07,1.0704872e-07,2.1350868e-09,-0.015017566,0.09076451,0.033197413,0.13970065,-0.075565253,109.6339,8.0267167,7.6903848,32.148161,-15.986889,-15.006936,62.771181,22.771621,20.905128,58.908877,-24.455368,-21.960542,57.835838,23.756792,20.722606
-0.00724345,-0.0730453,-0.0716065,-0.00421103,-0.000304024,0.000217272,-0.01334709,-0.07880203,1.2e-05,0.00081076,0.000316034,-2.594e-05,5.2467568e-05,0.0053356159,0.0051274908,1.7732774e-05,9.2430593e-08,4.7207122e-08,0.00017814481,0.0062097599,1.44e-10,6.5733178e-07,9.9877489e-08,6.728836e-10,0.010889879,0.029723039,0.028744414,0.076409255,-0.020910823,81.14185,35.309886,27.955833,60.920795,-45.551485,-31.524503,37.776939,43.00615,23.967515,64.904525,-28.932044,-9.4663278,68.59211,17.76908,0.080659337
-0.00105329,0.00192593,-0.0859187,-0.00478666,-0.000162712,0.000216309,0.00619016,0.07497123,-0.0143122,-0.00057563,0.000141312,-9.63e-07,1.1094198e-06,3.7092064e-06,0.007382023,2.2912114e-05,2.6475195e-08,4.6789583e-08,3.8318081e-05,0.0056206853,0.00020483907,3.313499e-07,1.9969081e-08,9.27369e-13,-0.011009166,0.031780471,-0.0008741523,0.027768596,0.048971721,40.933976,67.645153,47.716036,70.255848,-40.378429,-24.840816,48.930161,9.8377235,8.6418294,43.182515,13.649217,-1.3398226,76.247863,-9.5743849,14.101748
-0.00950214,-0.0615544,-0.0835401,-0.00428429,-0.000544682,0.000106924,-0.00844885,-0.06348033,0.0023786,0.00050237,-0.00038197,-0.000109385,9.0290665e-05,0.0037889442,0.0069789483,1.8355141e-05,2.9667848e-07,1.1432742e-08,7.1383066e-05,0.0040297523,5.657738e-06,2.5237562e-07,1.4590108e-07,1.1965078e-08,0.0017062947,-0.0057891556,-0.023687488,-0.05891775,-0.071649111,7.7825467,73.171605,60.765456,43.535548,16.868947,-3.8417231,61.838707,-25.216553,9.1477677,52.332599,11.415135,-16.177086,57.452607,12.181875,15.849207
-0.0114976,-0.0596777,-0.172205,-0.00278639,-0.000205739,-0.000244034,-0.00199546,0.0018767,-0.0886649,0.0014979,0.000338943,-0.000350958,0.00013219481,0.0035614279,0.029654562,7.7639692e-06,4.2328536e-08,5.9552593e-08,3.9818606e-06,3.5220029e-06,0.0078614645,2.2437044e-06,1.1488236e-07,1.2317152e-07,-0.0075883543,-0.047214064,0.009785314,-0.082420593,0.016697804,-6.9778604,47.906361,54.786058,9.2926121,60.945762,24.409057,35.76762,13.117833,13.807789,59.343279,-16.216265,13.610039,69.107106,7.1482344,-18.275358
0.0854657,-0.0612582,-0.447923,3.26495e-05,-0.00174664,4.08124e-05,0.0969633,-0.0015805,-0.275718,0.0028190395,-0.001540901,0.0002848464,0.0073043859,0.0037525671,0.20063501,1.0659899e-09,3.0507513e-06,1.665652e-09,0.0094018815,2.4979803e-06,0.076020416,7.9469837e-06,2.3743759e-06,8.1137472e-08,0.090785213,-0.005303775,0.11631682,-0.070735161,-0.020764122,-7.2372391,15.019786,33.405333,-5.3904359,48.925984,41.385874,4.3240022,57.514705,18.490364,28.924291,23.408307,21.213404,63.44184,-5.9892325,24.468
0.102082,-0.0312659,-0.523354,0.00373407,-0.00126088,0.00159493,0.0166163,0.0299923,-0.075431,0.0037014205,0.00048576,0.0015541176,0.010420735,0.0009775565,0.27389941,1.3943279e-05,1.5898184e-06,2.5438017e-06,0.00027610143,0.00089953806,0.0056898358,1.3700514e-05,2.3596278e-07,2.4152815e-06,0.11065212,-0.093748924,0.121241,-0.0516429,-0.20181818,-3.5165271,-3.4613334,11.039695,-5.3917047,14.684317,34.244205,-5.864559,41.632179,36.259648,4.2274712,55.115808,17.686139,31.694197,37.412909,20.093144
0.0690046,-0.0892038,-0.307045,-4.35572e-05,-0.000461674,0.00111049,-0.0330774,-0.0579379,0.216309,-0.0037776272,0.000799206,-0.00048444,0.0047616348,0.0079573179,0.094276632,1.8972297e-09,2.1314288e-07,1.233188e-06,0.0010941144,0.0033568003,0.046789583,1.4270467e-05,6.3873023e-07,2.3468211e-07,0.018143466,-0.13152023,-0.005457056,-0.13474475,-0.08669345,-1.0602419,-6.1769972,-2.1969065,-2.2882157,-3.1022203,11.579559,-4.0480049,8.3720071,29.627064,-2.1326453,31.056937,36.779104,8.8451177,54.596722,28.514346
0.0321934,0.0166709,-0.116849,-0.000953979,-0.000436097,0.000763259,-0.0368112,0.1058747,0.190196,-0.0009104218,2.5577e-05,-0.000347231,0.001036415,0.00027791891,0.013653689,9.1007593e-07,1.9018059e-07,5.825643e-07,0.0013550644,0.011209452,0.036174518,8.2886785e-07,6.5418293e-10,1.2056937e-07,-0.014885974,-0.10698356,-0.06948214,-0.10507089,0.001250692,-0.18769801,-3.3288291,-4.5932559,-0.51629968,-4.875405,-1.7706473,-1.1547843,-4.7097747,7.2953406,-1.1567913,5.3842624,23.720966,1.0423718,30.651825,39.550389
0.0141627,-0.067939,-0.0441093,-0.000892615,-0.00021368,4.44389e-05,-0.0180307,-0.0846099,0.0727397,6.1364e-05,0.000222417,-0.0007188201,0.00020058207,0.0046157077,0.0019456303,7.9676154e-07,4.5659142e-08,1.9748158e-09,0.00032510614,0.0071588352,0.005291064,3.7655405e-09,4.9469322e-08,5.1670234e-07,-0.062284671,-0.066787897,-0.073511026,-0.08672529,0.0027234364,-0.0054756973,-1.0547662,-2.6385075,-0.017473317,-2.2707424,-3.6023154,-0.044707646,-4.0032972,-2.9266307,-0.055500918,-2.0771444,5.2588261,0.0074774136,8.8376403,23.883974
-0.00578098,-0.0613842,-0.0699555,-0.000963707,0.000112406,-9.4095e-06,-0.01994368,0.0065548,-0.0258462,-7.1092e-05,0.000326086,-5.38484e-05,3.341973e-05,0.00376802,0.004893772,9.2873118e-07,1.2635109e-08,8.853869e-11,0.00039775037,4.2965403e-05,0.00066802605,5.0540725e-09,1.0633208e-07,2.8996502e-09,-0.077324942,-0.048429115,-0.0081375921,-0.0015080278,0.082745535,0.3363319,-0.18769801,-0.8780196,-0.97995338,-0.51629968,-1.7893893,1.8664935,-1.1547843,-2.9379282,-2.4948258,-1.1567913,-1.0313549,3.0341856,1.0423718,7.8102233
-0.00311299,-0.00303487,-0.0220348,-0.000286654,-0.000205788,9.08155e-05,0.00266799,0.05834933,0.0479207,0.000677053,-0.000318194,0.000100225,9.6907067e-06,9.2104359e-06,0.00048553241,8.2170516e-08,4.2348701e-08,8.247455e-09,7.1181706e-06,0.0034046443,0.0022963935,4.5840076e-07,1.0124742e-07,1.0045051e-08,-0.037564391,0.024982712,-0.0091839765,0.069437945,0.059328699,8.0267167,-0.0054756973,-0.18222231,-15.986889,-0.017473317,-0.49882636,22.771621,-0.044707646,-1.1100766,-24.455368,-0.055500918,-1.1012903,23.756792,0.0074774136,1.0348944
-0.00520174,-0.0825493,-0.0541323,6.17429e-06,-0.000286099,2.78059e-05,-0.00208875,-0.07951443,-0.0320975,0.00029282829,-8.0311e-05,-6.30096e-05,2.7058099e-05,0.0068143869,0.0029303059,3.8121857e-11,8.1852638e-08,7.7316807e-10,4.3628766e-06,0.0063225446,0.0010302495,8.5748407e-08,6.4498567e-09,3.9702097e-09,-0.040750665,-0.046820795,0.037706432,0.03833778,0.038289143,35.646218,0,-0.0054756973,-46.531439,0,-0.017473317,44.872643,0,-0.044707646,-31.42687,0,-0.055500918,20.803266,0,0.0074774136
-0.00828543,0.0193409,-0.0281305,0.000822635,0.000550766,-0.000141954,-0.00308369,0.1018902,0.0260018,0.00081646071,0.000836865,-0.0001697599,6.864835e-05,0.00037407041,0.00079132503,6.7672834e-07,3.0334319e-07,2.0150938e-08,9.509144e-06,0.010381613,0.0006760936,6.6660809e-07,7.0034303e-07,2.8818424e-08,-0.028205095,0.0098923303,0.039741216,0.077994142,0.088811275,75.67187,0,0,-56.365318,0,0,32.609345,0,0,-10.80615,0,0,14.182407,0,0
-0.0764682,-0.0646932,-0.0343988,0.00266696,0.000112406,-0.001455,-0.06818277,-0.0840341,-0.0062683,0.001844325,-0.00043836,-0.001313046,0.0058473856,0.0041852101,0.0011832774,7.1126756e-06,1.2635109e-08,2.117025e-06,0.0046488901,0.00706173,3.9291585e-05,3.4015347e-06,1.9215949e-07,1.7240898e-06,-0.018425233,0.0066751518,0.04587278,0.03190701,0.020470426,108.81782,0,0,-29.662492,0,0,19.656091,0,0,-20.011735,0,0,32.98514,0,0
-0.102514,0.0303323,0.00332542,0.00232499,0.000504293,-0.00199995,-0.0260458,0.0950255,0.03772422,-0.00034197,0.000391887,-0.00054495,0.01050912,0.00092004842,1.1058418e-05,5.4055785e-06,2.5431143e-07,3.9998e-06,0.0006783837,0.0090298457,0.0014231168,1.1694348e-07,1.5357542e-07,2.969705e-07,-0.015459524,0.057086265,0.05470026,0.063087107,0.073200276,123.57823,0,0,4.580444,0,0,45.727178,0,0,-27.022416,0,0,21.330641,0,0
-0.197076,-0.0297051,0.0330152,0.00445087,0.000429666,-0.00337565,-0.094562,-0.0600374,0.02968978,0.00212588,-7.4627e-05,-0.0013757,0.03883895,0.00088239297,0.0010900034,1.9810244e-05,1.8461287e-07,1.1395013e-05,0.0089419718,0.0036044894,0.00088148304,4.5193658e-06,5.5691891e-09,1.8925505e-06,0.0071484536,0.030525686,0.027001734,-0.038358757,0.090111075,123.83761,0,0,19.263492,0,0,77.170796,0,0,3.3965724,0,0,26.995908,0,0
-0.134031,0.117765,0.137383,0.00388187,0.000429666,-0.00194822,0.063045,0.1474701,0.1043678,-0.000569,0,0.00142743,0.017964309,0.013868595,0.018874089,1.5068915e-05,1.8461287e-07,3.7955612e-06,0.003974672,0.02174743,0.010892638,3.23761e-07,0,2.0375564e-06,-0.0024178472,0.093276384,0.026755858,0.070337623,0.040583186,120.1169,0,0,19.264761,0,0,87.359357,0,0,28.093393,0,0,58.74355,0,0
-0.0850229,-0.0236995,0.0567097,0.0035611,0.000768217,-0.00186256,0.0490081,-0.1414645,-0.0806733,-0.00032077,0.000338551,8.566e-05,0.0072288935,0.0005616663,0.0032159901,1.2681433e-05,5.9015736e-07,3.4691298e-06,0.0024017939,0.020012205,0.0065081813,1.0289339e-07,1.1461678e-07,7.3376356e-09,0.019701498,0.020273751,0.065647174,0.096918342,0.062432884,117.32428,0.3363319,0,17.141225,-0.97995338,0,83.676309,1.8664935,0,36.948335,-2.4948258,0,78.558444,3.0341856,0
-0.0650049,0.0418182,0.0113306,0.00143309,0.000490268,-0.0014174,0.020018,0.0655177,-0.0453791,-0.00212801,-0.000277949,0.00044516,0.004225637,0.0017487619,0.0001283825,2.0537469e-06,2.4036271e-07,2.0090228e-06,0.00040072032,0.004292569,0.0020592627,4.5284266e-06,7.7255647e-08,1.9816743e-07,0.025180297,0.0065602113,0.024849509,0.042639208,0.022671768,108.76135,8.0267167,0,30.376245,-15.986889,0,59.877961,22.771621,0,57.933023,-24.455368,0,65.638584,23.756792,0
-0.0450392,-0.0203457,0.0542053,0.00211896,0.000495127,-0.00160947,0.0199657,-0.0621639,0.0428747,0.00068587,4.859e-06,-0.00019207,0.0020285295,0.00041394751,0.0029382145,4.4899915e-06,2.4515075e-07,2.5903937e-06,0.00039862918,0.0038643505,0.0018382399,4.7041766e-07,2.3609881e-11,3.6890885e-08,0.040351307,0.015711528,0.039606757,0.011979731,-0.04455871,80.959628,35.309886,0.3363319,60.421968,-45.551485,-0.97995338,36.666862,43.00615,1.8664935,63.803235,-28.932044,-2.4948258,69.627005,17.76908,3.0341856
-0.0449956,0.0267628,0.0673063,0.00132512,0.000357922,-0.00186266,4.36e-05,0.0471085,0.013101,-0.00079384,-0.000137205,-0.00025319,0.002024604,0.00071624746,0.004530138,1.755943e-06,1.2810816e-07,3.4695023e-06,1.90096e-09,0.0022192108,0.0001716362,6.3018195e-07,1.8825212e-08,6.4105176e-08,0.021113606,0.019462028,0.021916434,0.033538744,-0.0060051776,40.928501,67.645153,7.6903848,70.238375,-40.378429,-15.006936,48.885453,9.8377235,20.905128,43.127014,13.649217,-21.960542,76.255341,-9.5743849,20.722606
-0.0451082,0.0334153,0.075545,0.0011916,0.000991848,-0.0020021,-0.0001126,0.0066525,0.0082387,-0.00013352,0.000633926,-0.00013944,0.0020347497,0.0011165823,0.005707047,1.4199106e-06,9.8376246e-07,4.0084044e-06,1.267876e-08,4.4255756e-05,6.7876178e-05,1.782759e-08,4.0186217e-07,1.9443514e-08,0.027462513,0.012966792,-0.02546428,-0.029168748,-0.066748077,7.7825467,73.171605,27.619502,43.535548,16.868947,-30.544549,61.838707,-25.216553,22.101022,52.332599,11.415135,-6.971502,57.452607,12.181875,-2.9535262
-0.0632555,0.0168317,0.117316,0.00132502,0.000437122,-0.00188426,-0.0181473,-0.0165836,0.041771,0.00013342,-0.000554726,0.00011784,0.0040012583,0.00028330612,0.013763044,1.755678e-06,1.9107564e-07,3.5504357e-06,0.0003293245,0.00027501579,0.0017448164,1.7800896e-08,3.0772094e-07,1.3886266e-08,-0.013974778,-0.020755218,-0.049565821,-0.046034551,-0.083520457,-6.9778604,47.906361,40.025651,9.2926121,60.945762,-9.8338796,35.76762,13.117833,-12.263298,59.343279,-16.216265,20.620719,69.107106,7.1482344,-6.6208587
-0.0578924,0.0574829,0.107963,0.000558256,0.000437122,-0.00188426,0.0053631,0.0406512,-0.009353,-0.000766764,0,0,0.00335153,0.0033042838,0.011656009,3.1164976e-07,1.9107564e-07,3.5504357e-06,2.8762842e-05,0.0016525201,8.7478609e-05,5.8792703e-07,0,0,-0.024826193,-0.022757617,-0.010876516,0.01407351,0.023738794,-7.2372391,15.019786,33.145954,-5.3904359,48.925984,26.702826,4.3240022,57.514705,-12.953254,28.924291,23.408307,-9.2055843,63.44184,-5.9892325,18.802733
-0.125162,0.0255767,0.353928,0.00271654,0.00167141,-0.00231578,-0.0672696,-0.0319062,0.245965,0.002158284,0.001234288,-0.00043152,0.015665526,0.00065416758,0.12526503,7.3795896e-06,2.7936114e-06,5.362837e-06,0.0045251991,0.0010180056,0.060498781,4.6581898e-06,1.5234669e-06,1.8620951e-07,-0.010212112,0.020209791,-0.042785355,0.038949584,0.0006252958,-3.5165271,-3.4613334,14.760407,-5.3917047,14.684317,34.242936,-5.864559,41.632179,26.071087,4.2274712,55.115808,-7.0106809,31.694197,37.412909,-11.654499
-0.219296,0.134149,1.14059,-0.00115968,0.00190408,-0.00257341,-0.094134,0.1085723,0.786662,-0.00387622,0.00023267,-0.00025763,0.048090736,0.017995954,1.3009455,1.3448577e-06,3.6255206e-06,6.622439e-06,0.00886121,0.011787944,0.6188371,1.5025081e-05,5.4135329e-08,6.6373217e-08,0.14248293,0.10055809,-0.11125337,0.082876567,-0.19141381,-1.0602419,-6.1769972,0.25937865,-2.2882157,-3.1022203,14.683048,-4.0480049,8.3720071,31.443618,-2.1326453,31.056937,30.418988,8.8451177,54.596722,5.6652664
-0.163207,0.00228779,0.212426,0.00121813,0.000335503,-0.00259912,0.056089,-0.13186121,-0.928164,0.00237781,-0.001568577,-2.571e-05,0.026636525,5.2339831e-06,0.045124805,1.4838407e-06,1.1256226e-07,6.7554248e-06,0.0031459759,0.017387379,0.86148841,5.6539804e-06,2.4604338e-06,6.610041e-10,0.082922345,0.082744508,-0.0735028,-0.073039869,-0.095626876,-0.18769801,-3.3288291,-3.720712,-0.51629968,-4.875405,0.001268743,-1.1547843,-4.7097747,10.188561,-1.1567913,5.3842624,24.69682,1.0423718,30.651825,31.747643
-0.163755,0.0627763,0.307218,-0.000129225,0.000788533,-0.00204459,-0.000548,0.06048851,0.094792,-0.001347355,0.00045303,0.00055453,0.0268157,0.0039408638,0.0943829,1.6699101e-08,6.2178429e-07,4.1803483e-06,3.00304e-07,0.0036588598,0.0089855233,1.8153655e-06,2.0523618e-07,3.0750352e-07,-0.02979938,0.025722107,-0.1285127,-0.027357525,-0.051212616,0.3308562,-1.0547662,-2.4562852,-0.9974267,-2.2707424,-3.103489,1.8217859,-4.0032972,-1.8165541,-2.5503267,-2.0771444,6.3601165,3.041663,8.8376403,22.849079
-0.113166,0.00343369,0.298441,-0.000848547,0.00039168,-0.00209798,0.050589,-0.05934261,-0.008777,-0.000719322,-0.000396853,-5.339e-05,0.012806544,1.1790227e-05,0.08906703,7.2003201e-07,1.5341322e-07,4.4015201e-06,0.0025592469,0.0035215454,7.7035729e-05,5.1742414e-07,1.574923e-07,2.8504921e-09,-0.086335257,-0.0020034435,-0.045839988,-0.052851068,-0.038293607,8.0267167,-0.18769801,-0.8725439,-15.986889,-0.51629968,-1.771916,22.771621,-1.1547843,-2.8932206,-24.455368,-1.1567913,-0.97585403,23.756792,1.0423718,7.8027459
-0.0462197,0.00260176,0.341511,-0.00207376,0.00112498,-0.00015112,0.0669463,-0.00083193,0.04307,-0.001225213,0.0007333,0.00194686,0.0021362607,6.7691551e-06,0.11662976,4.3004805e-06,1.26558e-06,2.2837254e-08,0.0044818071,6.9210752e-07,0.0018550249,1.5011469e-06,5.3772889e-07,3.7902639e-06,-0.10676885,-0.027789283,-0.070944717,0.027889691,-0.018042499,35.646218,-0.0054756973,-0.18222231,-46.531439,-0.017473317,-0.49882636,44.872643,-0.044707646,-1.1100766,-31.42687,-0.055500918,-1.1012903,20.803266,0.0074774136,1.0348944
-0.036458,0.0261914,0.341571,-0.0019785,0.00095489,-4.4592e-05,0.0097617,0.02358964,6e-05,9.526e-05,-0.00017009,0.000106528,0.0013291858,0.00068598943,0.11667075,3.9144622e-06,9.1181491e-07,1.9884465e-09,9.5290787e-05,0.00055647112,3.6e-09,9.0744676e-09,2.8930608e-08,1.1348215e-08,-0.096626738,-0.003300713,-0.038622626,0.077181982,-0.014863706,75.335538,0.3363319,0.3308562,-55.385365,-0.97995338,-0.9974267,30.742851,1.8664935,1.8217859,-8.3113246,-2.4948258,-2.5503267,11.148221,3.0341856,3.041663
-0.0363303,0.0462287,0.316048,-0.00228922,0.000518554,-0.000307274,0.0001277,0.0200373,-0.025523,-0.00031072,-0.000436336,-0.000262682,0.0013198907,0.0021370927,0.099886338,5.2405282e-06,2.6889825e-07,9.4417311e-08,1.630729e-08,0.00040149339,0.00065142353,9.6546918e-08,1.903891e-07,6.9001833e-08,-0.09249793,0.014086819,-0.021388885,0.098024523,-0.089190338,100.79111,7.6903848,7.6903848,-13.675603,-15.006936,-15.006936,-3.1155306,20.905128,20.905128,4.4436331,-21.960542,-21.960542,9.2283483,20.722606,20.722606
-0.0364447,0.0379247,0.349598,-0.00153592,0.000762519,-0.000499085,-0.0001144,-0.008304,0.03355,0.0007533,0.000243965,-0.000191811,0.0013282162,0.0014382829,0.12221876,2.3590502e-06,5.8143523e-07,2.4908584e-07,1.308736e-08,6.8956416e-05,0.0011256025,5.6746089e-07,5.9518921e-08,3.679146e-08,-0.078365853,0.047256472,0.020017208,0.16332171,-0.043605314,87.932012,27.619502,27.619502,51.111883,-30.544549,-30.544549,0.85453444,22.101022,22.101022,4.4044542,-6.971502,-6.971502,0.52737567,-2.9535262,-2.9535262
-0.0200202,0.0945601,0.288957,-0.00234537,0.00125599,-4.4592e-05,0.0164245,0.0566354,-0.060641,-0.00080945,0.000493471,0.000454493,0.00040080841,0.0089416125,0.083496148,5.5007604e-06,1.5775109e-06,1.9884465e-09,0.0002697642,0.0032075685,0.0036773309,6.552093e-07,2.4351363e-07,2.0656389e-07,-0.037980146,0.037113149,0.0036330163,0.14982786,-0.097188669,48.16574,40.025651,40.025651,75.628811,-9.8338796,-9.8338796,44.561451,-12.263298,-12.263298,14.202723,20.620719,20.620719,12.813501,-6.6208587,-6.6208587
-0.0292347,0.0343257,0.317534,-0.00138448,0.0010017,-5.95425e-05,-0.0092145,-0.0602344,0.028577,0.00096089,-0.00025429,-1.49505e-05,0.00085466768,0.0011782537,0.10082784,1.9167849e-06,1.0034029e-06,3.5453093e-09,8.490701e-05,0.0036281829,0.00081664493,9.2330959e-07,6.4663404e-08,2.2351745e-10,-0.033287659,0.016192268,-0.0051960608,0.098312248,-0.16912393,11.299074,33.145954,33.145954,48.927253,26.702826,26.702826,67.703266,-12.953254,-12.953254,48.105127,-9.2055843,-9.2055843,25.75841,18.802733,18.802733
-0.033651,0.0507399,0.329124,-0.00237986,0.00129031,-0.000203051,-0.0044163,0.0164142,0.01159,-0.00099538,0.00028861,-0.0001435085,0.0011323898,0.0025745375,0.10832261,5.6637336e-06,1.6648999e-06,4.1229709e-08,1.9503706e-05,0.00026942596,0.0001343281,9.9078134e-07,8.3295732e-08,2.059469e-08,-0.048757016,-0.01235911,-0.02310793,0.07303128,-0.073841917,-5.9176185,14.760407,14.760407,11.580828,34.242936,34.242936,39.815625,26.071087,26.071087,61.475925,-7.0106809,-7.0106809,60.261989,-11.654499,-11.654499
-0.0445443,0.0507448,0.420242,-0.00232801,0.0010748,-0.000404733,-0.0108933,4.9e-06,0.091118,5.185e-05,-0.00021551,-0.000201682,0.0019841947,0.0025750347,0.17660334,5.4196306e-06,1.155195e-06,1.638088e-07,0.00011866398,2.401e-11,0.0083024899,2.6884225e-09,4.644456e-08,4.0675629e-08,-0.041143297,0.061200919,-0.0003822569,0.13201517,-0.066722068,-7.0495411,0.25937865,0.25937865,-4.8741363,14.683048,14.683048,5.4787865,31.443618,31.443618,30.081083,30.418988,30.418988,62.399468,5.6652664,5.6652664
-0.0113043,0.050772,0.310715,-0.00232182,0.000518554,-7.55942e-05,0.03324,2.72e-05,-0.109527,6.19e-06,-0.000556246,0.0003291388,0.0001277872,0.002577796,0.096543811,5.3908481e-06,2.6889825e-07,5.7144831e-09,0.0011048976,7.3984e-10,0.011996164,3.83161e-11,3.0940961e-07,1.0833235e-07,-0.024149434,0.012482166,-0.0031008597,0.1260851,-0.065254323,-3.5110514,-3.720712,-3.720712,-5.3742314,0.001268743,0.001268743,-5.8198513,10.188561,10.188561,4.2829721,24.69682,24.69682,31.68672,31.747643,31.747643
0.00287612,0.0798222,0.365879,-0.00172772,0.00140225,0.000231334,0.01418042,0.0290502,0.055164,0.0005941,0.000883696,0.0003069282,8.2720663e-06,0.0063715836,0.13386744,2.9850164e-06,1.9663051e-06,5.351542e-08,0.00020108431,0.00084391412,0.0030430669,3.5295481e-07,7.8091862e-07,9.420492e-08,-0.012924705,0.0014972212,-0.070836764,0.018921327,-0.24934309,-1.0602419,-2.4562852,-2.4562852,-2.2882157,-3.103489,-3.103489,-4.0480049,-1.8165541,-1.8165541,-2.1326453,6.3601165,6.3601165,8.8451177,22.849079,22.849079
-0.16803,-0.0372105,0.164064,0.00150229,0.0014026,-0.00146191,-0.17090612,-0.1170327,-0.201815,0.00323001,3.5e-07,-0.001693244,0.028234081,0.0013846213,0.026916996,2.2568752e-06,1.9672868e-06,2.1371808e-06,0.029208902,0.013696653,0.040729294,1.0432965e-05,1.225e-13,2.8670752e-06,0.011654359,-0.04279592,0.02193586,-0.042120531,0.012749807,-0.18769801,-0.8725439,-0.8725439,-0.51629968,-1.771916,-1.771916,-1.1547843,-2.8932206,-2.8932206,-1.1567913,-0.97585403,-0.97585403,1.0423718,7.8027459,7.8027459
-0.308314,0.031275,0.143386,0.00258395,0.00137177,-0.00285139,-0.140284,0.0684855,-0.020678,0.00108166,-3.083e-05,-0.00138948,0.095057523,0.00097812562,0.020559545,6.6767976e-06,1.8817529e-06,8.1304249e-06,0.019679601,0.0046902637,0.00042757968,1.1699884e-06,9.504889e-10,1.9306547e-06,-0.0070513119,-0.038459168,-0.015627292,-0.11200422,0.069574711,-0.0054756973,-0.18222231,-0.18222231,-0.017473317,-0.49882636,-0.49882636,-0.044707646,-1.1100766,-1.1100766,-0.055500918,-1.1012903,-1.1012903,0.0074774136,1.0348944,1.0348944
-0.397005,-0.0444643,0.123667,0.00343437,0.000644348,-0.00497586,-0.088691,-0.0757393,-0.019719,0.00085042,-0.000727422,-0.00212447,0.15761297,0.001977074,0.015293527,1.1794897e-05,4.1518435e-07,2.4759183e-05,0.0078660935,0.0057364416,0.00038883896,7.2321418e-07,5.2914277e-07,4.5133728e-06,-0.03774091,-0.058893168,0.022272968,-0.1052378,0.097255917,0,-0.0054756973,-0.0054756973,0,-0.017473317,-0.017473317,0,-0.044707646,-0.044707646,0,-0.055500918,-0.055500918,0,0.0074774136,0.0074774136
-0.211796,0.0767647,0.0996692,0.00352999,0.000711293,-0.0026426,0.185209,0.121229,-0.0239978,9.562e-05,6.6945e-05,0.00233326,0.044857546,0.0058928192,0.0099339494,1.2460829e-05,5.0593773e-07,6.9833348e-06,0.034302374,0.01469647,0.0005758944,9.1431844e-09,4.481633e-09,5.4441022e-06,-0.022183083,-0.020697351,0.05206328,0.047724739,0.12687983,0,0,0,0,0,0,0,0,0,0,0,0,0,0,0
-0.196895,-0.0148496,0.0560904,0.00528156,0.00142157,-0.00244001,0.014901,-0.0916143,-0.0435788,0.00175157,0.000710277,0.00020259,0.038767641,0.00022051062,0.003146133,2.7894876e-05,2.0208613e-06,5.9536488e-06,0.0002220398,0.00839318,0.0018991118,3.0679975e-06,5.0449342e-07,4.1042708e-08,0.034456241,-0.033113086,0.069267697,0.07222741,0.082329447,0.3363319,0,0,-0.97995338,0,0,1.8664935,0,0,-2.4948258,0,0,3.0341856,0,0
-0.163126,0.0709238,-0.00176763,0.00486451,0.000320068,-0.0029872,0.033769,0.0857734,-0.05785803,-0.00041705,-0.001101502,-0.00054719,0.026610092,0.0050301854,3.1245158e-06,2.3663458e-05,1.0244352e-07,8.9233638e-06,0.0011403454,0.0073570761,0.0033475516,1.739307e-07,1.2133067e-06,2.994169e-07,0.058551185,-0.053111873,0.086236818,0.043671313,0.01871906,8.0267167,0,0,-15.986889,0,0,22.771621,0,0,-24.455368,0,0,23.756792,0,0
-0.386498,-0.0239031,-0.0869154,0.00884881,0.000572636,-0.00603255,-0.223372,-0.0948269,-0.08514777,0.0039843,0.000252568,-0.00304535,0.1493807,0.00057135819,0.0075542868,7.8301438e-05,3.2791199e-07,3.639166e-05,0.04989505,0.008992141,0.0072501427,1.5874646e-05,6.3790595e-08,9.2741566e-06,0.067075744,-0.09628665,0.11008144,-0.070666522,0.11387252,35.646218,0,0,-46.531439,0,0,44.872643,0,0,-31.42687,0,0,20.803266,0,0
-0.443804,0.0672808,-0.0331766,0.00926201,0.00131934,-0.00627451,-0.057306,0.0911839,0.0537388,0.0004132,0.000746704,-0.00024196,0.19696199,0.004526706,0.0011006868,8.5784829e-05,1.740658e-06,3.9369476e-05,0.0032839776,0.0083145036,0.0028878586,1.7073424e-07,5.5756686e-07,5.8544642e-08,0.06540647,-0.072541929,0.06789037,-0.16075939,0.074252802,75.67187,0,0,-56.365318,0,0,32.609345,0,0,-10.80615,0,0,14.182407,0,0
-0.296187,0.0368643,-0.00554877,0.00616093,0.000518554,-0.00465083,0.147617,-0.0304165,0.02762783,-0.00310108,-0.000800786,0.00162368,0.087726739,0.0013589766,3.0788849e-05,3.7957058e-05,2.6889825e-07,2.163022e-05,0.021790779,0.00092516347,0.00076329699,9.6166972e-06,6.4125822e-07,2.6363367e-06,0.064039906,-0.061262741,0.097921006,-0.014984469,0.10750864,108.81782,0,0,-29.662492,0,0,19.656091,0,0,-20.011735,0,0,32.98514,0,0
-0.263485,0.0163333,0.0176696,0.0055699,0.000518554,-0.00417349,0.032702,-0.020531,0.02321837,-0.00059103,0,0.00047734,0.069424345,0.00026677669,0.00031221476,3.1023786e-05,2.6889825e-07,1.7418019e-05,0.0010694208,0.00042152196,0.00053909271,3.4931646e-07,0,2.2785348e-07,0.10505731,0.0024458704,0.12892271,0.10202378,0.078999175,123.57823,0,0,4.580444,0,0,45.727178,0,0,-27.022416,0,0,21.330641,0,0
-0.216322,0.044464,-0.0428356,0.00454446,0.00107738,-0.00338963,0.047163,0.0281307,-0.0605052,-0.00102544,0.000558826,0.00078386,0.046795208,0.0019770473,0.0018348886,2.0652117e-05,1.1607477e-06,1.1489592e-05,0.0022243486,0.00079133628,0.0036608792,1.0515272e-06,3.122865e-07,6.144365e-07,0.12552042,-0.092314243,0.06625107,-0.0023775887,0.070242178,123.83761,0,0,19.263492,0,0,77.170796,0,0,3.3965724,0,0,26.995908,0,0
-0.224734,0.0709754,0.0351871,0.003937,0.00103243,-0.00354334,-0.008412,0.0265114,0.0780227,-0.00060746,-4.495e-05,-0.00015371,0.050505371,0.0050375074,0.001238132,1.5499969e-05,1.0659117e-06,1.2555258e-05,7.0761744e-05,0.00070285433,0.0060875417,3.6900765e-07,2.0205025e-09,2.3626764e-08,0.075992955,-0.071161996,-0.046027937,-0.17595413,-0.028051071,120.1169,0,0,19.264761,0,0,87.359357,0,0,28.093393,0,0,58.74355,0,0
-0.222446,0.0220293,0.0950301,0.00430346,0.00129002,-0.00318139,0.002288,-0.0489461,0.059843,0.00036646,0.00025759,0.00036195,0.049482223,0.00048529006,0.0090307199,1.8519768e-05,1.6641516e-06,1.0121242e-05,5.234944e-06,0.0023957207,0.0035811846,1.3429293e-07,6.6352608e-08,1.310078e-07,0.031769475,-0.10184175,-0.021924464,-0.12532054,0.10157032,117.32428,0.3363319,0,17.141225,-0.97995338,0,83.676309,1.8664935,0,36.948335,-2.4948258,0,78.558444,3.0341856,0
-0.214812,0.0941541,0.0899654,0.00269272,0.000907854,-0.00312364,0.007634,0.0721248,-0.0050647,-0.00161074,-0.000382166,5.775e-05,0.046144195,0.0088649945,0.0080937732,7.250741e-06,8.2419889e-07,9.7571268e-06,5.8277956e-05,0.0052019868,2.5651186e-05,2.5944833e-06,1.4605085e-07,3.3350625e-09,0.019377616,-0.1230816,-0.081237548,-0.18356171,0.035673312,108.76135,7.6903848,0.3363319,30.376245,-15.006936,-0.97995338,59.877961,20.905128,1.8664935,57.933023,-21.960542,-2.4948258,65.638584,20.722606,3.0341856
-0.219369,0.0251025,0.150593,0.00329525,0.00116752,-0.00301428,-0.004557,-0.0690516,0.0606276,0.00060253,0.000259666,0.00010936,0.048122758,0.00063013551,0.022678252,1.0858673e-05,1.363103e-06,9.0858839e-06,2.0766249e-05,0.0047681235,0.0036757059,3.630424e-07,6.7426432e-08,1.195961e-08,-0.027935386,-0.10290178,0.0030884126,-0.089698565,0.19295934,80.959628,27.619502,7.6903848,60.421968,-30.544549,-15.006936,36.666862,22.101022,20.905128,63.803235,-6.971502,-21.960542,69.627005,-2.9535262,20.722606
-0.194171,0.08982,0.150824,0.00204677,0.00117974,-0.00248177,0.025198,0.0647175,0.000231,-0.00124848,1.222e-05,0.00053251,0.037702377,0.0080676324,0.022747879,4.1892674e-06,1.3917865e-06,6.1591823e-06,0.0006349392,0.0041883548,5.3361e-08,1.5587023e-06,1.493284e-10,2.835669e-07,-0.0037486107,-0.089427427,-0.031900277,-0.05641049,0.17124579,40.928501,40.025651,27.619502,70.238375,-9.8338796,-30.544549,48.885453,-12.263298,22.101022,43.127014,20.620719,-6.971502,76.255341,-6.6208587,-2.9535262
-0.212454,0.0738728,0.202584,0.00397618,0.00155601,-0.00258389,-0.018283,-0.0159472,0.05176,0.00192941,0.00037627,-0.00010212,0.045136702,0.0054571906,0.041040277,1.5810007e-05,2.4211671e-06,6.6764875e-06,0.00033426809,0.00025431319,0.0026790976,3.7226229e-06,1.4157911e-07,1.0428494e-08,0.025018496,-0.044920515,-0.066607036,-0.10090218,0.13307123,7.7825467,33.145954,40.025651,43.535548,26.702826,-9.8338796,61.838707,-12.953254,-12.263298,52.332599,-9.2055843,20.620719,57.452607,18.802733,-6.6208587
-0.115221,-0.182667,-0.3364,0.00944992,-0.000527299,-0.00283912,0.097233,-0.2565398,-0.538984,0.00547374,-0.002083309,-0.00025523,0.013275879,0.033367233,0.11316496,8.9300988e-05,2.7804424e-07,8.0606024e-06,0.0094542563,0.065812669,0.29050375,2.996183e-05,4.3401764e-06,6.5142353e-08,0.19261718,-0.15922339,0.19399253,0.0033579865,0.052722723,-6.9778604,14.760407,33.145954,9.2926121,34.242936,26.702826,35.76762,26.071087,-12.953254,59.343279,-7.0106809,-9.2055843,69.107106,-11.654499,18.802733
-0.238697,0.276225,0.534421,0.00120177,0.00158709,-0.00352289,-0.123476,0.458892,0.870821,-0.00824815,0.002114389,-0.00068377,0.056976258,0.076300251,0.28560581,1.4442511e-06,2.5188547e-06,1.2410754e-05,0.015246323,0.21058187,0.75832921,6.8031978e-05,4.4706408e-06,4.6754141e-07,0.2660826,0.2359305,-0.063276909,-0.068197841,-0.13654572,-7.2372391,0.25937865,14.760407,-5.3904359,14.683048,34.242936,4.3240022,31.443618,26.071087,28.924291,30.418988,-7.0106809,63.44184,5.6652664,-11.654499
-0.2404,0.231312,0.87103,-0.00357594,0.000786371,-0.00335994,-0.001703,-0.044913,0.336609,-0.00477771,-0.000800719,0.00016295,0.05779216,0.053505241,0.75869326,1.2787347e-05,6.1837935e-07,1.1289197e-05,2.900209e-06,0.0020171776,0.11330562,2.2826513e-05,6.4115092e-07,2.6552702e-08,-0.0095560845,0.054040851,-0.11261727,-0.14505402,-0.11840018,-3.5165271,-3.720712,0.25937865,-5.3917047,0.001268743,14.683048,-5.864559,10.188561,31.443618,4.2274712,24.69682,30.418988,31.694197,31.747643,5.6652664
-0.224111,0.134139,0.98657,-0.00338009,0.000742642,-0.00302075,0.016289,-0.097173,0.11554,0.00019585,-4.3729e-05,0.00033919,0.05022574,0.017993271,0.97332036,1.1425008e-05,5.5151714e-07,9.1249306e-06,0.00026533152,0.0094425919,0.013349492,3.8357223e-08,1.9122254e-09,1.1504986e-07,-0.098967159,0.080005581,-0.025727473,-0.080562523,-0.041870208,-1.0602419,-2.4562852,-3.720712,-2.2882157,-3.103489,0.001268743,-4.0480049,-1.8165541,10.188561,-2.1326453,6.3601165,24.69682,8.8451177,22.849079,31.747643
-0.20541,0.207535,1.00679,-0.00553933,0.00108185,-0.00252842,0.018701,0.073396,0.02022,-0.00215924,0.000339208,0.00049233,0.042193268,0.043070776,1.0136261,3.0684177e-05,1.1703994e-06,6.3929077e-06,0.0003497274,0.0053869728,0.0004088484,4.6623174e-06,1.1506207e-07,2.4238883e-07,-0.09754301,0.028444699,-0.049380852,-0.02859699,-0.014288269,0.14863389,-0.8725439,-2.4562852,-1.4962531,-1.771916,-3.103489,0.71170926,-2.8932206,-1.8165541,-3.651617,-0.97585403,6.3601165,4.0765574,7.8027459,22.849079
-0.157818,0.138363,1.01612,-0.00557302,0.000643079,-0.00204768,0.047592,-0.069172,0.00933,-3.369e-05,-0.000438771,0.00048074,0.024906521,0.01914432,1.0324999,3.1058552e-05,4.135506e-07,4.1929934e-06,0.0022649985,0.0047847656,8.70489e-05,1.1350161e-09,1.9251999e-07,2.3111095e-07,-0.068062175,0.12836487,0.075913081,0.09543104,-0.063680774,8.021241,-0.18222231,-0.8725439,-16.004363,-0.49882636,-1.771916,22.726914,-1.1100766,-2.8932206,-24.510869,-1.1012903,-0.97585403,23.764269,1.0348944,7.8027459
-0.152401,0.140301,1.01426,-0.0061522,0.000779897,-0.00233872,0.005417,0.001938,-0.00186,-0.00057918,0.000136818,-0.00029104,0.023226065,0.019684371,1.0287233,3.7849565e-05,6.0823933e-07,5.4696112e-06,2.9343889e-05,3.755844e-06,3.4596e-06,3.3544947e-07,1.8719165e-08,8.4704282e-08,-0.030718697,0.074623592,0.048122068,0.074979648,-0.059517675,35.646218,-0.0054756973,-0.18222231,-46.531439,-0.017473317,-0.49882636,44.872643,-0.044707646,-1.1100766,-31.42687,-0.055500918,-1.1012903,20.803266,0.0074774136,1.0348944
-0.128702,0.180609,0.981448,-0.00641801,0.000682044,-0.00223769,0.023699,0.040308,-0.032812,-0.00026581,-9.7853e-05,0.00010103,0.016564205,0.032619611,0.96324018,4.1190852e-05,4.6518402e-07,5.0072565e-06,0.0005616426,0.0016247349,0.0010766273,7.0654956e-08,9.5752096e-09,1.0207061e-08,-0.041287435,0.051436593,0.0075315192,0.027988291,-0.01948656,75.67187,0,-0.0054756973,-56.365318,0,-0.017473317,32.609345,0,-0.044707646,-10.80615,0,-0.055500918,14.182407,0,0.0074774136
-0.120347,0.150652,1.06469,-0.00713625,0.000942964,-0.00232955,0.008355,-0.029957,0.083242,-0.00071824,0.00026092,-9.186e-05,0.0144834,0.022696025,1.1335648,5.0926064e-05,8.8918111e-07,5.4268032e-06,6.9806025e-05,0.00089742185,0.0069292306,5.158687e-07,6.8079246e-08,8.4382596e-09,-0.031521481,0.033359502,-0.026027467,-0.027838986,-0.082304503,108.81782,0,0,-29.662492,0,0,19.656091,0,0,-20.011735,0,0,32.98514,0,0
-0.12392,0.190338,0.98133,-0.00777846,0.00113534,-0.00222771,-0.003573,0.039686,-0.08336,-0.00064221,0.000192376,0.00010184,0.015356166,0.036228554,0.96300857,6.050444e-05,1.2889969e-06,4.9626918e-06,1.2766329e-05,0.0015749786,0.0069488896,4.1243368e-07,3.7008525e-08,1.0371386e-08,-0.073298704,0.036182716,-0.068037346,-0.064761381,-0.082945304,123.57823,0,0,4.580444,0,0,45.727178,0,0,-27.022416,0,0,21.330641,0,0
-0.118738,0.191936,0.981503,-0.00780009,0.00113534,-0.00208092,0.005182,0.001598,0.000173,-2.163e-05,0,0.00014679,0.014098713,0.036839428,0.96334814,6.0841404e-05,1.2889969e-06,4.330228e-06,2.6853124e-05,2.553604e-06,2.9929e-08,4.678569e-10,0,2.1547304e-08,-0.06444241,0.066514599,0.033988017,0.046599864,0.041913415,123.83761,0,0,19.263492,0,0,77.170796,0,0,3.3965724,0,0,26.995908,0,0
-0.128785,0.154041,0.970616,-0.00766564,0.000965863,-0.0023537,-0.010047,-0.037895,-0.010887,0.00013445,-0.000169477,-0.00027278,0.016585576,0.02372863,0.94209542,5.8762037e-05,9.3289133e-07,5.5399037e-06,0.00010094221,0.001436031,0.00011852677,1.8076803e-08,2.8722454e-08,7.4408928e-08,-0.052732369,0.053639535,-0.028144813,-0.0053610545,0.038208896,120.1169,0,0,19.264761,0,0,87.359357,0,0,28.093393,0,0,58.74355,0,0
-0.104474,0.225971,0.984449,-0.00834293,0.00113534,-0.00214951,0.024311,0.07193,0.013833,-0.00067729,0.000169477,0.00020419,0.010914817,0.051062893,0.96913983,6.9604481e-05,1.2889969e-06,4.6203932e-06,0.00059102472,0.0051739249,0.00019135189,4.5872174e-07,2.8722454e-08,4.1693556e-08,-0.050327114,0.060032333,0.0061041011,0.018413047,-0.014164625,117.32428,0.3363319,0,17.141225,-0.97995338,0,83.676309,1.8664935,0,36.948335,-2.4948258,0,78.558444,3.0341856,0
-0.106691,0.147411,0.993437,-0.00760416,0.00059581,-0.00228852,-0.002217,-0.07856,0.008988,0.00073877,-0.00053953,-0.00013901,0.011382969,0.021730003,0.98691707,5.7823249e-05,3.5498956e-07,5.2373238e-06,4.915089e-06,0.0061716736,8.0784144e-05,5.4578111e-07,2.9109262e-07,1.932378e-08,-0.052065729,0.046304662,-0.0014611996,0.063672574,0.070127811,108.76135,8.0267167,0,30.376245,-15.986889,0,59.877961,22.771621,0,57.933023,-24.455368,0,65.638584,23.756792,0
-0.0827336,0.223068,1.01516,-0.00893543,0.000825946,-0.0020117,0.0239574,0.075657,0.021723,-0.00133127,0.000230136,0.00027682,0.0068448486,0.049759333,1.0305498,7.9841909e-05,6.8218679e-07,4.0469369e-06,0.00057395701,0.0057239816,0.00047188873,1.7722798e-06,5.2962578e-08,7.6629312e-08,-0.012452194,0.064196614,0.024157148,0.085727939,0.026697973,80.959628,35.309886,0.3363319,60.421968,-45.551485,-0.97995338,36.666862,43.00615,1.8664935,63.803235,-28.932044,-2.4948258,69.627005,17.76908,3.0341856
-0.0741847,0.157929,1.02752,-0.0083073,0.00059581,-0.00172191,0.0085489,-0.065139,0.01236,0.00062813,-0.000230136,0.00028979,0.0055033697,0.024941569,1.0557974,6.9011233e-05,3.5498956e-07,2.964974e-06,7.3083691e-05,0.0042430893,0.0001527696,3.945473e-07,5.2962578e-08,8.3978244e-08,-0.0017704369,0.028605717,-0.0217911,-0.023955343,-0.08237559,40.928501,67.645153,7.6903848,70.238375,-40.378429,-15.006936,48.885453,9.8377235,20.905128,43.127014,13.649217,-21.960542,76.255341,-9.5743849,20.722606
-0.0737772,0.132758,0.897786,-0.00789871,0.00059581,-0.00136888,0.0004075,-0.025171,-0.129734,0.00040859,0,0.00035303,0.0054430752,0.017624687,0.8060197,6.238962e-05,3.5498956e-07,1.8738325e-06,1.6605625e-07,0.00063357924,0.016830911,1.6694579e-07,0,1.2463018e-07,-0.0025786098,0.020240693,-0.050930687,-0.0084371206,0.02833147,7.7825467,73.171605,27.619502,43.535548,16.868947,-30.544549,61.838707,-25.216553,22.101022,52.332599,11.415135,-6.971502,57.452607,12.181875,-2.9535262
-0.11375,0.234592,1.01121,-0.00831205,0.000861164,-0.00219835,-0.0399728,0.101834,0.113424,-0.00041334,0.000265354,-0.00082947,0.012939063,0.055033406,1.0225457,6.9090175e-05,7.4160343e-07,4.8327427e-06,0.0015978247,0.010370164,0.012865004,1.7084996e-07,7.0412745e-08,6.8802048e-07,-0.026104041,0.057947597,-0.0092288477,-0.0006618436,0.05024906,-6.9778604,47.906361,40.025651,9.2926121,60.945762,-9.8338796,35.76762,13.117833,-12.263298,59.343279,-16.216265,20.620719,69.107106,7.1482344,-6.6208587
-0.122359,0.0638753,1.07583,-0.00823962,0.00059581,-0.00240234,-0.008609,-0.1707167,0.06462,7.243e-05,-0.000265354,-0.00020399,0.014971725,0.004080054,1.1574102,6.7891338e-05,3.5498956e-07,5.7712375e-06,7.4114881e-05,0.029144192,0.0041757444,5.2461049e-09,7.0412745e-08,4.161192e-08,0.014939638,0.046103866,0.013438827,0.045426711,-0.0074350633,-7.2372391,15.019786,33.145954,-5.3904359,48.925984,26.702826,4.3240022,57.514705,-12.953254,28.924291,23.408307,-9.2055843,63.44184,-5.9892325,18.802733
-0.106309,0.184856,1.0856,-0.00922257,0.00059581,-0.00222421,0.01605,0.1209807,0.00977,-0.00098295,0,0.00017813,0.011301603,0.034171741,1.1785274,8.5055797e-05,3.5498956e-07,4.9471101e-06,0.0002576025,0.01463633,9.54529e-05,9.661907e-07,0,3.1730297e-08,0.011728474,0.015509023,-0.060604754,-0.027065143,-0.0080284607,-3.5165271,-3.4613334,14.760407,-5.3917047,14.684317,34.242936,-5.864559,41.632179,26.071087,4.2274712,55.115808,-7.0106809,31.694197,37.412909,-11.654499
-0.0840494,0.129301,1.20041,-0.00962791,0.000779369,-0.00173543,0.0222596,-0.055555,0.11481,-0.00040534,0.000183559,0.00048878,0.0070643016,0.016718749,1.4409842,9.2696651e-05,6.0741604e-07,3.0117173e-06,0.00049548979,0.003086358,0.013181336,1.6430052e-07,3.3693906e-08,2.3890589e-07,-0.015457142,0.0086941839,-0.073560287,-0.033683688,-0.095290183,-1.0602419,-6.1769972,0.25937865,-2.2882157,-3.1022203,14.683048,-4.0480049,8.3720071,31.443618,-2.1326453,31.056937,30.418988,8.8451177,54.596722,5.6652664
-0.0764488,0.15886,1.19246,-0.00935499,0.00059581,-0.00164908,0.0076006,0.029559,-0.00795,0.00027292,-0.000183559,8.635e-05,0.005844419,0.0252365,1.4219609,8.7515838e-05,3.5498956e-07,2.7194648e-06,5.776912e-05,0.00087373448,6.32025e-05,7.4485326e-08,3.3693906e-08,7.4563225e-09,-0.048206047,-0.0004006903,-0.048823659,-0.006068789,0.029251289,0.14863389,-3.3288291,-3.720712,-1.4962531,-4.875405,0.001268743,0.71170926,-4.7097747,10.188561,-3.651617,5.3842624,24.69682,4.0765574,30.651825,31.747643
-0.0702143,0.141683,1.29975,-0.00795352,0.0010232,-0.00152641,0.0062345,-0.017177,0.10729,0.00140147,0.00042739,0.00012267,0.0049300479,0.020074072,1.6893501,6.325848e-05,1.0469382e-06,2.3299275e-06,3.886899e-05,0.00029504933,0.011511144,1.9641182e-06,1.8266221e-07,1.5047929e-08,-0.052769863,-0.042196631,-0.036200595,-0.028331982,-0.065442264,8.021241,-1.0547662,-2.4562852,-16.004363,-2.2707424,-3.103489,22.726914,-4.0032972,-1.8165541,-24.510869,-2.0771444,6.3601165,23.764269,8.8376403,22.849079
-0.124356,0.160873,1.14574,-0.00673925,0.00147575,-0.00204157,-0.0541417,0.01919,-0.15401,0.00121427,0.00045255,-0.00051516,0.015464415,0.025880122,1.3127201,4.5417491e-05,2.1778381e-06,4.1680081e-06,0.0029313237,0.0003682561,0.02371908,1.4744516e-06,2.048015e-07,2.6538983e-07,-0.059914304,0.019737509,-0.017202391,-0.011952078,0.10368581,35.646218,-0.18769801,-0.8725439,-46.531439,-0.51629968,-1.771916,44.872643,-1.1547843,-2.8932206,-31.42687,-1.1567913,-0.97585403,20.803266,1.0423718,7.8027459
-0.0633457,0.188558,1.22054,-0.00718141,0.00123655,-0.00132952,0.0610103,0.027685,0.0748,-0.00044216,-0.0002392,0.00071205,0.0040126777,0.035554119,1.4897179,5.157265e-05,1.5290559e-06,1.7676234e-06,0.0037222567,0.00076645923,0.00559504,1.9550547e-07,5.721664e-08,5.070152e-07,-0.029086896,0.068958048,0.067695086,0.06898752,0.022699726,75.67187,-0.0054756973,-0.18222231,-56.365318,-0.017473317,-0.49882636,32.609345,-0.044707646,-1.1100766,-10.80615,-0.055500918,-1.1012903,14.182407,0.0074774136,1.0348944
-0.02807,0.132878,1.16727,-0.0045947,0.0014689,-0.000867193,0.0352757,-0.05568,-0.05327,0.00258671,0.00023235,0.000462327,0.0007879249,0.017656563,1.3625193,2.1111268e-05,2.1576672e-06,7.520237e-07,0.001244375,0.0031002624,0.0028376929,6.6910686e-06,5.3986522e-08,2.1374625e-07,-0.0097385379,0.039671243,0.0021302206,0.047996046,0.07389788,108.81782,0,-0.0054756973,-29.662492,0,-0.017473317,19.656091,0,-0.044707646,-20.011735,0,-0.055500918,32.98514,0,0.0074774136
-0.041874,0.190087,1.16017,-0.0062478,0.00146209,-0.000941158,-0.013804,0.057209,-0.0071,-0.0016531,-6.81e-06,-7.3965e-05,0.0017534319,0.036133068,1.3459944,3.9035005e-05,2.1377072e-06,8.8577838e-07,0.00019055042,0.0032728697,5.041e-05,2.7327396e-06,4.63761e-11,5.4708212e-09,0.013409717,0.068523402,0.050225267,0.088502711,-0.033913258,123.57823,0,0,4.580444,0,0,45.727178,0,0,-27.022416,0,0,21.330641,0,0
-0.0696204,0.182462,1.24112,-0.0054617,0.00154106,-0.00125934,-0.0277464,-0.007625,0.08095,0.0007861,7.897e-05,-0.000318182,0.0048470001,0.033292381,1.5403789,2.9830167e-05,2.3748659e-06,1.5859372e-06,0.00076986271,5.8140625e-05,0.0065529025,6.1795321e-07,6.2362609e-09,1.0123979e-07,0.012259934,0.071895751,0.053669015,0.064128053,0.0034557749,123.83761,0,0,19.263492,0,0,77.170796,0,0,3.3965724,0,0,26.995908,0,0
-0.0910049,0.204947,1.17335,-0.00589001,0.00177447,-0.00116334,-0.0213845,0.022485,-0.06777,-0.00042831,0.00023341,9.6e-05,0.0082818918,0.042003273,1.3767502,3.4692218e-05,3.1487438e-06,1.35336e-06,0.00045729684,0.00050557522,0.0045927729,1.8344946e-07,5.4480228e-08,9.216e-09,-0.0056554717,0.029686503,-0.01148438,0.010093819,0.070053708,120.1169,0,0,19.264761,0,0,87.359357,0,0,28.093393,0,0,58.74355,0,0
-0.0809115,0.231004,1.26247,-0.00680176,0.00142054,-0.00135512,0.0100934,0.026057,0.08912,-0.00091175,-0.00035393,-0.00019178,0.0065466708,0.053362848,1.5938305,4.6263939e-05,2.0179339e-06,1.8363502e-06,0.00010187672,0.00067896725,0.0079423744,8.3128806e-07,1.2526644e-07,3.6779568e-08,-0.010821345,0.012999234,-0.026375076,-0.053910416,-0.04541287,117.32428,0.3363319,0,17.141225,-0.97995338,0,83.676309,1.8664935,0,36.948335,-2.4948258,0,78.558444,3.0341856,0
-0.0756211,0.175155,1.24059,-0.00684011,0.00135863,-0.00127211,0.0052904,-0.055849,-0.02188,-3.835e-05,-6.191e-05,8.301e-05,0.0057185508,0.030679274,1.5390635,4.6787105e-05,1.8458755e-06,1.6182639e-06,2.7988332e-05,0.0031191108,0.0004787344,1.4707225e-09,3.8328481e-09,6.8906601e-09,-0.021341093,0.017645233,-0.0058040087,0.023756391,0.043350107,108.76135,7.6903848,0.3363319,30.376245,-15.006936,-0.97995338,59.877961,20.905128,1.8664935,57.933023,-21.960542,-2.4948258,65.638584,20.722606,3.0341856
-0.0637032,0.247425,1.26292,-0.00818349,0.00135863,-0.00124183,0.0119179,0.07227,0.02233,-0.00134338,0,3.028e-05,0.0040580977,0.061219131,1.5949669,6.6969509e-05,1.8458755e-06,1.5421417e-06,0.00014203634,0.0052229529,0.0004986289,1.8046698e-06,0,9.168784e-10,0.0059092026,0.01344778,0.0005896694,0.058661428,0.069261226,80.959628,27.619502,7.6903848,60.421968,-30.544549,-15.006936,36.666862,22.101022,20.905128,63.803235,-6.971502,-21.960542,69.627005,-2.9535262,20.722606
-0.0803625,0.180115,1.25297,-0.0070059,0.00135863,-0.00103406,-0.0166593,-0.06731,-0.00995,0.00117759,0,0.00020777,0.0064581314,0.032441413,1.5699338,4.9082635e-05,1.8458755e-06,1.0692801e-06,0.00027753228,0.0045306361,9.90025e-05,1.3867182e-06,0,4.3168373e-08,0.013801968,0.010208165,-0.021548072,0.037165292,0.014857443,40.928501,40.025651,27.619502,70.238375,-9.8338796,-30.544549,48.885453,-12.263298,22.101022,43.127014,20.620719,-6.971502,76.255341,-6.6208587,-2.9535262
-0.146496,0.285119,1.00941,-0.00170723,0.00218939,-0.00152126,-0.0661335,0.105004,-0.24356,0.00529867,0.00083076,-0.0004872,0.021461078,0.081292844,1.0189085,2.9146343e-06,4.7934286e-06,2.314232e-06,0.0043736398,0.01102584,0.059321474,2.8075904e-05,6.9016218e-07,2.3736384e-07,0.11384965,0.046776743,-0.12454503,-0.014234549,0.066699844,7.7825467,33.145954,40.025651,43.535548,26.702826,-9.8338796,61.838707,-12.953254,-12.263298,52.332599,-9.2055843,20.620719,57.452607,18.802733,-6.6208587
-0.194594,0.485509,2.0361,0.0153039,0.00359203,-0.00233151,-0.048098,0.20039,1.02669,0.01701113,0.00140264,-0.00081025,0.037866825,0.23571899,4.1457032,0.00023420936,1.290268e-05,5.4359389e-06,0.0023134176,0.040156152,1.0540924,0.00028937854,1.967399e-06,6.5650506e-07,0.28828505,-0.02519129,-0.18255484,-0.0019564398,0.014218926,-6.9778604,14.760407,33.145954,9.2926121,34.242936,26.702826,35.76762,26.071087,-12.953254,59.343279,-7.0106809,-9.2055843,69.107106,-11.654499,18.802733
-0.117776,0.503318,1.84677,0.000448366,0.00384332,-0.00251755,0.076818,0.017809,-0.18933,-0.014855534,0.00025129,-0.00018604,0.013871186,0.25332901,3.4105594,2.0103207e-07,1.4771109e-05,6.338058e-06,0.0059010051,0.00031716048,0.035845849,0.00022068689,6.3146664e-08,3.4610882e-08,0.14147179,0.032379466,0.14851452,-0.061026364,-0.080048839,-7.2372391,0.25937865,14.760407,-5.3904359,14.683048,34.242936,4.3240022,31.443618,26.071087,28.924291,30.418988,-7.0106809,63.44184,5.6652664,-11.654499
-0.033509,0.223659,1.61701,0.0013425,0.00226337,-0.000546344,0.084267,-0.279659,-0.22976,0.000894134,-0.00157995,0.001971206,0.0011228531,0.050023348,2.6147213,1.8023062e-06,5.1228438e-06,2.9849177e-07,0.0071009273,0.078209156,0.052789658,7.9947561e-07,2.496242e-06,3.8856531e-06,0.0013274531,-0.0414812,-0.039085261,-0.055972158,-0.068210858,-3.5165271,-3.720712,0.25937865,-5.3917047,0.001268743,14.683048,-5.864559,10.188561,31.443618,4.2274712,24.69682,30.418988,31.694197,31.747643,5.6652664
-0.038482,0.311763,1.60811,-0.000302596,0.00187433,-0.00100916,-0.004973,0.088104,-0.0089,-0.001645096,-0.00038904,-0.000462816,0.0014808643,0.097196168,2.5860178,9.1564339e-08,3.5131129e-06,1.0184039e-06,2.4730729e-05,0.0077623148,7.921e-05,2.7063408e-06,1.5135212e-07,2.1419865e-07,-0.032182634,-0.02407816,-0.053272061,-0.035087089,-0.042758859,-1.0602419,-2.4562852,-3.720712,-2.2882157,-3.103489,0.001268743,-4.0480049,-1.8165541,10.188561,-2.1326453,6.3601165,24.69682,8.8451177,22.849079,31.747643
-0.0253132,0.231078,1.81231,-0.00137931,0.00225444,-0.00116828,0.0131688,-0.080685,0.2042,-0.001076714,0.00038011,-0.00015912,0.00064075809,0.053397042,3.2844675,1.9024961e-06,5.0824997e-06,1.3648782e-06,0.00017341729,0.0065100692,0.04169764,1.159313e-06,1.4448361e-07,2.5319174e-08,-0.088431734,-0.09391259,-0.065328709,-0.06436171,-0.022908041,0.14863389,-0.8725439,-2.4562852,-1.4962531,-1.771916,-3.103489,0.71170926,-2.8932206,-1.8165541,-3.651617,-0.97585403,6.3601165,4.0765574,7.8027459,22.849079
0.0143236,0.282926,1.87149,-0.00315674,0.0022034,-0.000574946,0.0396368,0.051848,0.05918,-0.00177743,-5.104e-05,0.000593334,0.00020516552,0.080047121,3.5024748,9.9650074e-06,4.8549716e-06,3.305629e-07,0.0015710759,0.0026882151,0.0035022724,3.1592574e-06,2.6050816e-09,3.5204524e-07,-0.065829279,-0.081047651,0.030988247,0.02243357,0.02110121,8.021241,-0.18222231,-0.8725439,-16.004363,-0.49882636,-1.771916,22.726914,-1.1100766,-2.8932206,-24.510869,-1.1012903,-0.97585403,23.764269,1.0348944,7.8027459
0.016255,0.268525,1.93519,-0.00285337,0.00271474,-0.000581571,0.0019314,-0.014401,0.0637,0.00030337,0.00051134,-6.625e-06,0.00026422502,0.072105676,3.7449603,8.1417204e-06,7.3698133e-06,3.3822483e-07,3.730306e-06,0.0002073888,0.00405769,9.2033357e-08,2.614686e-07,4.3890625e-11,-0.0085541957,-0.052766362,0.1069069,0.09085217,-0.020036572,35.646218,-0.0054756973,-0.18222231,-46.531439,-0.017473317,-0.49882636,44.872643,-0.044707646,-1.1100766,-31.42687,-0.055500918,-1.1012903,20.803266,0.0074774136,1.0348944
0.0384259,0.275255,1.794,-0.00600736,0.00247559,-0.00055311,0.0221709,0.00673,-0.14119,-0.00315399,-0.00023915,2.8461e-05,0.0014765498,0.075765315,3.218436,3.6088374e-05,6.1285458e-06,3.0593067e-07,0.00049154881,4.52929e-05,0.019934616,9.9476529e-06,5.7192723e-08,8.1002852e-10,0.0062465185,-0.042280354,0.089372395,0.055677626,-0.026296357,75.67187,0,-0.0054756973,-56.365318,0,-0.017473317,32.609345,0,-0.044707646,-10.80615,0,-0.055500918,14.182407,0,0.0074774136
0.0772419,0.201175,1.72789,-0.00546033,0.00304333,-0.000380782,0.038816,-0.07408,-0.06611,0.00054703,0.00056774,0.000172328,0.0059663111,0.040471381,2.9856039,2.9815204e-05,9.2618575e-06,1.4499493e-07,0.0015066819,0.0054878464,0.0043705321,2.9924182e-07,3.2232871e-07,2.969694e-08,-0.0011643216,-0.086760238,-0.028625431,-0.025309021,-0.1247625,108.81782,0,0,-29.662492,0,0,19.656091,0,0,-20.011735,0,0,32.98514,0,0
0.0569996,0.289542,1.75121,-0.00695483,0.00306597,-0.000546508,-0.0202423,0.088367,0.02332,-0.0014945,2.264e-05,-0.000165726,0.0032489544,0.08383457,3.0667365,4.836966e-05,9.400172e-06,2.9867099e-07,0.00040975071,0.0078087267,0.0005438224,2.2335303e-06,5.125696e-10,2.7465107e-08,-0.030882281,-0.064246753,0.023786709,0.018315787,-0.025020112,123.57823,0,0,4.580444,0,0,45.727178,0,0,-27.022416,0,0,21.330641,0,0
0.0265495,0.238239,1.86437,-0.00664629,0.00285132,-0.000656364,-0.0304501,-0.051303,0.11316,0.00030854,-0.00021465,-0.000109856,0.00070487595,0.056757821,3.4758755,4.4173171e-05,8.1300257e-06,4.308137e-07,0.00092720859,0.0026319978,0.012805186,9.5196932e-08,4.6074622e-08,1.2068341e-08,-0.022845223,-0.086735397,0.041097653,0.029294764,-0.015541514,123.50128,0.3363319,0.3363319,20.243445,-0.97995338,-0.97995338,75.304302,1.8664935,1.8664935,5.8913982,-2.4948258,-2.4948258,23.961722,3.0341856,3.0341856
0.0273183,0.258873,1.77286,-0.00814029,0.00246223,-0.000670208,0.0007688,0.020634,-0.09151,-0.001494,-0.00038909,-1.3844e-05,0.00074628951,0.06701523,3.1430326,6.6264321e-05,6.0625766e-06,4.4917876e-07,5.9105344e-07,0.00042576196,0.0083740801,2.232036e-06,1.5139103e-07,1.9165634e-10,-0.033895035,-0.088112802,-0.0065979787,0.012029822,-0.0811177,112.09018,8.0267167,7.6903848,35.25165,-15.986889,-15.006936,64.587736,22.771621,20.905128,52.54876,-24.455368,-21.960542,34.986759,23.756792,20.722606
0.0366046,0.248978,1.87165,-0.00746485,0.00274716,-0.000799018,0.0092863,-0.009895,0.09879,0.00067544,0.00028493,-0.00012881,0.0013398967,0.061990044,3.5030737,5.5723986e-05,7.5468881e-06,6.3842976e-07,8.6235368e-05,9.7911025e-05,0.0097594641,4.5621919e-07,8.1185105e-08,1.6592016e-08,-0.021836723,-0.071400435,0.082402841,0.081845463,-0.014071318,82.014394,35.309886,27.955833,62.692711,-45.551485,-31.524503,40.67016,43.00615,23.967515,65.880379,-28.932044,-9.4663278,60.789364,17.76908,0.080659337
0.0349699,0.263097,1.85005,-0.00881735,0.00298448,-0.00061883,-0.0016347,0.014119,-0.0216,-0.0013525,0.00023732,0.000180188,0.0012228939,0.069220031,3.422685,7.7745661e-05,8.9071209e-06,3.8295057e-07,2.6722441e-06,0.00019934616,0.00046656,1.8292562e-06,5.6320782e-08,3.2467715e-08,-0.0099346232,-0.085770801,0.055286273,0.060275733,-0.0021539004,41.116199,67.645153,47.716036,70.754674,-40.378429,-24.840816,50.040237,9.8377235,8.6418294,44.283805,13.649217,-1.3398226,75.212969,-9.5743849,14.101748
0.028389,0.253218,1.8722,-0.00877397,0.00307355,-0.00087571,-0.0065809,-0.009879,0.02215,4.338e-05,8.907e-05,-0.00025688,0.00080593532,0.064119356,3.5051328,7.698255e-05,9.4467096e-06,7.66868e-07,4.3308245e-05,9.7594641e-05,0.0004906225,1.8818244e-09,7.9334649e-09,6.5987334e-08,-0.0085525716,-0.08193984,0.082709859,0.041912503,-0.072081458,7.7880224,73.171605,60.765456,43.553022,16.868947,-3.8417231,61.883415,-25.216553,9.1477677,52.388099,11.415135,-16.177086,57.44513,12.181875,15.849207
0.0231848,0.232734,1.91302,-0.00816764,0.00265185,-0.000730225,-0.0052042,-0.020484,0.04082,0.00060633,-0.0004217,0.000145485,0.00053753495,0.054165115,3.6596455,6.6710343e-05,7.0323084e-06,5.3322855e-07,2.7083698e-05,0.00041959426,0.0016662724,3.6763607e-07,1.7783089e-07,2.1165885e-08,0.015438056,-0.073769368,0.099292534,0.045811692,-0.044326519,-6.9778604,47.906361,54.786058,9.2926121,60.945762,24.409057,35.76762,13.117833,13.807789,59.343279,-16.216265,13.610039,69.107106,7.1482344,-18.275358
0.0180374,0.306613,1.9133,-0.00917927,0.00263397,-0.00055423,-0.0051474,0.073879,0.00028,-0.00101163,-1.788e-05,0.000175995,0.0003253478,0.094011532,3.6607169,8.4258998e-05,6.937798e-06,3.0717089e-07,2.6495727e-05,0.0054581066,7.84e-08,1.0233953e-06,3.196944e-10,3.097424e-08,0.010416016,-0.098885783,0.05273415,0.021268215,-0.087043251,-7.2372391,15.019786,33.405333,-5.3904359,48.925984,41.385874,4.3240022,57.514705,18.490364,28.924291,23.408307,21.213404,63.44184,-5.9892325,24.468
0.0571669,0.190615,1.82294,-0.00773945,0.00272305,-0.00037896,0.0391295,-0.115998,-0.09036,0.00143982,8.908e-05,0.00017527,0.0032680545,0.036334078,3.3231102,5.9899086e-05,7.4150013e-06,1.4361068e-07,0.0015311178,0.013455536,0.0081649296,2.0730816e-06,7.9352464e-09,3.0719573e-08,0.0026750895,-0.098769927,-0.010212623,-0.0076359713,-0.14921192,-3.5165271,-3.4613334,11.039695,-5.3917047,14.684317,34.244205,-5.864559,41.632179,36.259648,4.2274712,55.115808,17.686139,31.694197,37.412909,20.093144
0.047898,0.291847,1.7809,-0.00797407,0.00296913,-0.000520628,-0.0092689,0.101232,-0.04204,-0.00023462,0.00024608,-0.000141668,0.0022942184,0.085174671,3.1716048,6.3585792e-05,8.815733e-06,2.7105351e-07,8.5912507e-05,0.010247918,0.0017673616,5.5046544e-08,6.0555366e-08,2.0069822e-08,-0.029408258,-0.089094478,0.020968809,0.053474369,-0.021710373,-1.0602419,-6.1769972,-2.1969065,-2.2882157,-3.1022203,11.579559,-4.0480049,8.3720071,29.627064,-2.1326453,31.056937,36.779104,8.8451177,54.596722,28.514346
-0.0278012,0.23669,1.80411,-0.00675456,0.00335133,-0.0011824,-0.0756992,-0.055157,0.02321,0.00121951,0.0003822,-0.000661772,0.00077290672,0.056022156,3.2548129,4.5624081e-05,1.1231413e-05,1.3980698e-06,0.0057303689,0.0030422946,0.0005387041,1.4872046e-06,1.4607684e-07,4.3794218e-07,-0.024878124,-0.058697333,0.038621287,0.043188287,0.0059068896,-0.18769801,-3.3288291,-4.5932559,-0.51629968,-4.875405,-1.7706473,-1.1547843,-4.7097747,7.2953406,-1.1567913,5.3842624,23.720966,1.0423718,30.651825,39.550389
-0.0777741,0.227014,1.61796,-0.00547275,0.00338007,-0.00191805,-0.0499729,-0.009676,-0.18615,0.00128181,2.874e-05,-0.00073565,0.0060488106,0.051535356,2.6177946,2.9950993e-05,1.1424873e-05,3.6789158e-06,0.0024972907,9.3624976e-05,0.034651823,1.6430369e-06,8.259876e-10,5.4118092e-07,-0.018376571,-0.042706755,0.0027194175,0.031803085,-0.055342561,-0.0054756973,-1.0547662,-2.6385075,-0.017473317,-2.2707424,-3.6023154,-0.044707646,-4.0032972,-2.9266307,-0.055500918,-2.0771444,5.2588261,0.0074774136,8.8376403,23.883974
-0.128066,0.272546,1.84275,-0.00579425,0.00259945,-0.00238208,-0.0502919,0.045532,0.22479,-0.0003215,-0.00078062,-0.00046403,0.0164009,0.074281322,3.3957276,3.3573333e-05,6.7571403e-06,5.6743051e-06,0.0025292752,0.002073163,0.050530544,1.0336225e-07,6.0936758e-07,2.1532384e-07,0.0076181184,-0.040998436,0.057871662,0.073663291,-0.031387704,0.3363319,-0.18769801,-0.8780196,-0.97995338,-0.51629968,-1.7893893,1.8664935,-1.1547843,-2.9379282,-2.4948258,-1.1567913,-1.0313549,3.0341856,1.0423718,7.8102233
-0.156212,0.263761,1.86665,-0.00563104,0.00321919,-0.0024261,-0.028146,-0.008785,0.0239,0.00016321,0.00061974,-4.402e-05,0.024402189,0.069569865,3.4843822,3.1708611e-05,1.0363184e-05,5.8859612e-06,0.00079219732,7.7176225e-05,0.00057121,2.6637504e-08,3.8407767e-07,1.9377604e-09,0.011453664,-0.036733212,0.091697488,0.045989493,0.010014052,8.0267167,-0.0054756973,-0.18222231,-15.986889,-0.017473317,-0.49882636,22.771621,-0.044707646,-1.1100766,-24.455368,-0.055500918,-1.1012903,23.756792,0.0074774136,1.0348944
-0.350316,0.2916,1.55901,-0.00183468,0.00351429,-0.00444883,-0.194104,0.027839,-0.30764,0.00379636,0.0002951,-0.00202273,0.1227213,0.08503056,2.4305122,3.3660507e-06,1.2350234e-05,1.9792088e-05,0.037676363,0.00077500992,0.09464237,1.4412349e-05,8.708401e-08,4.0914367e-06,0.010768375,0.0058034717,-0.014386878,-0.086204323,-0.0067140816,35.646218,0,-0.0054756973,-46.531439,0,-0.017473317,44.872643,0,-0.044707646,-31.42687,0,-0.055500918,20.803266,0,0.0074774136
-0.225704,0.193802,1.50525,-0.000161411,0.0021779,-0.00365126,0.124612,-0.097798,-0.05376,0.001673269,-0.00133639,0.00079757,0.050942296,0.037559215,2.2657776,2.6053511e-08,4.7432484e-06,1.33317e-05,0.015528151,0.0095644488,0.0028901376,2.7998291e-06,1.7859382e-06,6.361179e-07,-0.004513036,-0.000245058,-0.03355244,0.0164639,0.089624023,75.67187,0,0,-56.365318,0,0,32.609345,0,0,-10.80615,0,0,14.182407,0,0
-0.164975,0.282803,1.39474,-0.000196284,0.00290536,-0.00280734,0.060729,0.089001,-0.11051,-3.4873e-05,0.00072746,0.00084392,0.027216751,0.079977537,1.9452997,3.8527409e-08,8.4411167e-06,7.8811579e-06,0.0036880114,0.007921178,0.01221246,1.2161261e-09,5.2919805e-07,7.1220097e-07,0.0086643875,0.019663613,-0.032460685,0.018355912,0.067034641,108.81782,0,0,-29.662492,0,0,19.656091,0,0,-20.011735,0,0,32.98514,0,0
-0.129628,0.25441,1.52962,5.99047e-05,0.00262479,-0.00252831,0.035347,-0.028393,0.13488,0.0002561887,-0.00028057,0.00027903,0.016803418,0.064724448,2.3397373,3.5885731e-09,6.8895225e-06,6.3923515e-06,0.0012494104,0.00080616245,0.018192614,6.563265e-08,7.8719525e-08,7.7857741e-08,-0.021348241,0.0001671658,-0.082790429,-0.028810812,-0.050556909,123.57823,0,0,4.580444,0,0,45.727178,0,0,-27.022416,0,0,21.330641,0,0
-0.117354,0.282693,1.46783,-0.000106359,0.00292215,-0.00215489,0.012274,0.028283,-0.06179,-0.0001662637,0.00029736,0.00037342,0.013771961,0.079915332,2.1545249,1.1312237e-08,8.5389606e-06,4.6435509e-06,0.00015065108,0.00079992809,0.0038180041,2.7643618e-08,8.842297e-08,1.394425e-07,-0.036736498,0.016985916,-0.041256513,0.022787602,0.03549551,123.83761,0,0,19.263492,0,0,77.170796,0,0,3.3965724,0,0,26.995908,0,0
-0.15071,0.281058,1.62536,0.000186704,0.0037955,-0.00259862,-0.033356,-0.001635,0.15753,0.000293063,0.00087335,-0.00044373,0.022713504,0.078993599,2.6417951,3.4858384e-08,1.440582e-05,6.7528259e-06,0.0011126227,2.673225e-06,0.024815701,8.5885922e-08,7.6274022e-07,1.9689631e-07,-0.036003271,-0.024220742,-0.023274229,-0.044855153,-0.017202816,120.1169,0,0,19.264761,0,0,87.359357,0,0,28.093393,0,0,58.74355,0,0
-0.155957,0.297375,1.5952,-0.000348657,0.00436109,-0.00224632,-0.005247,0.016317,-0.03016,-0.000535361,0.00056559,0.0003523,0.024322586,0.088431891,2.544663,1.215617e-07,1.9019106e-05,5.0459535e-06,2.7531009e-05,0.00026624449,0.0009096256,2.866114e-07,3.1989205e-07,1.2411529e-07,-0.033267908,0.024502807,0.02053799,0.02124045,-0.012424149,117.32428,0.3363319,0,17.141225,-0.97995338,0,83.676309,1.8664935,0,36.948335,-2.4948258,0,78.558444,3.0341856,0
-0.260647,0.372102,1.65355,0.00090452,0.00656704,-0.0033248,-0.10469,0.074727,0.05835,0.001253177,0.00220595,-0.00107848,0.067936859,0.1384599,2.7342276,8.1815643e-07,4.3126014e-05,1.1054295e-05,0.010959996,0.0055841245,0.0034047225,1.5704526e-06,4.8662154e-06,1.1631191e-06,-0.022100897,0.040701994,0.030379935,-0.014482386,0.019393469,108.76135,8.0267167,0,30.376245,-15.986889,0,59.877961,22.771621,0,57.933023,-24.455368,0,65.638584,23.756792,0
-0.506845,0.255262,1.38836,0.00546191,0.00475349,-0.00645618,-0.246198,-0.11684,-0.26519,0.00455739,-0.00181355,-0.00313138,0.25689185,0.065158689,1.9275435,2.9832461e-05,2.2595667e-05,4.168226e-05,0.060613455,0.013651586,0.070325736,2.0769804e-05,3.2889636e-06,9.8055407e-06,-0.0034910164,0.052344,-0.067471871,-0.13401932,0.11618492,80.959628,35.646218,0,60.421968,-46.531439,0,36.666862,44.872643,0,63.803235,-31.42687,0,69.627005,20.803266,0
-0.661412,0.421509,1.60769,0.00683515,0.00624679,-0.00869227,-0.154567,0.166247,0.21933,0.00137324,0.0014933,-0.00223609,0.43746583,0.17766984,2.5846671,4.6719276e-05,3.9022385e-05,7.5555558e-05,0.023890957,0.027638065,0.048105649,1.8857881e-06,2.2299449e-06,5.0000985e-06,-0.035402088,0.034101965,0.010133134,-0.14006099,0.1013139,40.928501,75.335538,0.3363319,70.238375,-55.385365,-0.97995338,48.885453,30.742851,1.8664935,43.127014,-8.3113246,-2.4948258,76.255341,11.148221,3.0341856
-0.459954,0.395627,1.46275,0.00825504,0.00454555,-0.00750993,0.201458,-0.025882,-0.14494,0.00141989,-0.00170124,0.00118234,0.21155768,0.15652072,2.1396376,6.8145685e-05,2.0662025e-05,5.6399049e-05,0.040585326,0.00066987792,0.021007604,2.0160876e-06,2.8942175e-06,1.3979279e-06,0.010071601,0.065499988,0.011343432,-0.093652654,0.17084092,7.7825467,100.79111,7.6903848,43.535548,-13.675603,-15.006936,61.838707,-3.1155306,20.905128,52.332599,4.4436331,-21.960542,57.452607,9.2283483,20.722606
-0.320809,0.411869,1.60591,0.00363081,0.00490744,-0.00561401,0.139145,0.016242,0.14316,-0.00462423,0.00036189,0.00189592,0.10291841,0.16963607,2.5789469,1.3182781e-05,2.4082967e-05,3.1517108e-05,0.019361331,0.00026380256,0.020494786,2.1383503e-05,1.3096437e-07,3.5945126e-06,0.013384175,0.069510659,0.070199879,-0.0068686112,0.021389584,-6.9778604,87.932012,27.619502,9.2926121,51.111883,-30.544549,35.76762,0.85453444,22.101022,59.343279,4.4044542,-6.971502,69.107106,0.52737567,-2.9535262
-0.20566,-0.0114528,0.101637,9.41038e-05,-0.00057251,-0.00168594,0.115149,-0.4233218,-1.504273,-0.0035367062,-0.00547995,0.00392807,0.042296036,0.00013116663,0.01033008,8.8555252e-09,3.277677e-07,2.8423937e-06,0.013259292,0.17920135,2.2628373,1.2508291e-05,3.0029852e-05,1.5429734e-05,0.4779382,0.15387519,-0.10287676,0.1178422,0.24114944,-7.2372391,48.16574,40.025651,-5.3904359,75.628811,-9.8338796,4.3240022,44.561451,-12.263298,28.924291,14.202723,20.620719,63.44184,12.813501,-6.6208587
-0.214487,0.374996,0.804511,0.000614055,0.00294132,-0.00137835,-0.008827,0.3864488,0.702874,0.0005199512,0.00351383,0.00030759,0.046004673,0.140622,0.64723795,3.7706354e-07,8.6513633e-06,1.8998487e-06,7.7915929e-05,0.14934268,0.49403186,2.7034925e-07,1.2347001e-05,9.4611608e-08,0.22842268,0.20016064,0.0053241575,-0.056850544,-0.040545749,-3.5165271,11.299074,33.145954,-5.3917047,48.927253,26.702826,-5.864559,67.703266,-12.953254,4.2274712,48.105127,-9.2055843,31.694197,25.75841,18.802733
-0.191733,0.207666,0.989051,0.000794308,0.00246981,-0.00140407,0.022754,-0.16733,0.18454,0.000180253,-0.00047151,-2.572e-05,0.036761543,0.043125168,0.97822188,6.309252e-07,6.0999614e-06,1.9714126e-06,0.00051774452,0.027999329,0.034055012,3.2491144e-08,2.2232168e-07,6.615184e-10,0.042768431,0.064774463,-0.16223141,-0.11368585,-0.09342744,-0.72391001,-5.9176185,14.760407,-3.2681691,11.580828,34.242936,-2.1815113,39.815625,26.071087,-4.6274711,61.475925,-7.0106809,11.879303,60.261989,-11.654499
-0.199137,0.299516,1.07479,-0.000442534,0.00209976,-0.001475,-0.007404,0.09185,0.085739,-0.001236842,-0.00037005,-7.093e-05,0.039655545,0.089709834,1.1551735,1.9583634e-07,4.4089921e-06,2.175625e-06,5.4819216e-05,0.0084364225,0.0073511761,1.5297781e-06,1.36937e-07,5.0310649e-09,-0.015158858,0.086846678,-0.12959942,-0.088181471,0.012189225,7.8390187,-7.0495411,0.25937865,-16.503189,-4.8741363,14.683048,21.616837,5.4787865,31.443618,-25.612159,30.081083,30.418988,24.799164,62.399468,5.6652664
-0.197461,0.283116,1.22846,-0.00112136,0.0022468,-0.00172955,0.001676,-0.0164,0.15367,-0.000678826,0.00014704,-0.00025455,0.038990847,0.080154669,1.509114,1.2574482e-06,5.0481102e-06,2.9913432e-06,2.808976e-06,0.00026896,0.023614469,4.6080474e-07,2.1620762e-08,6.4795703e-08,-0.072141817,0.064777513,-0.10187738,-0.059469643,0.059649195,35.640743,-3.5110514,-3.720712,-46.548912,-5.3742314,0.001268743,44.827935,-5.8198513,10.188561,-31.482371,4.2829721,24.69682,20.810743,31.68672,31.747643
-0.180229,0.203375,1.27379,-0.00185945,0.00214131,-0.00198554,0.017232,-0.079741,0.04533,-0.00073809,-0.00010549,-0.00025599,0.032482492,0.041361391,1.622541,3.4575543e-06,4.5852085e-06,3.9423691e-06,0.00029694182,0.0063586271,0.0020548089,5.4477685e-07,1.112814e-08,6.553088e-08,-0.068563974,0.061018873,-0.093418482,-0.048453557,-0.0088436595,75.67187,-1.0602419,-2.4562852,-56.365318,-2.2882157,-3.103489,32.609345,-4.0480049,-1.8165541,-10.80615,-2.1326453,6.3601165,14.182407,8.8451177,22.849079
-0.143789,0.305601,1.3409,-0.00317023,0.00215921,-0.00173481,0.03644,0.102226,0.06711,-0.00131078,1.79e-05,0.00025073,0.020675277,0.093391971,1.7980128,1.0050358e-05,4.6621878e-06,3.0095657e-06,0.0013278736,0.010450155,0.0045037521,1.7181442e-06,3.2041e-10,6.2865533e-08,-0.10427333,0.039573613,-0.079819273,-0.010844117,0.044893157,108.81782,-0.18769801,-0.8725439,-29.662492,-0.51629968,-1.771916,19.656091,-1.1547843,-2.8932206,-20.011735,-1.1567913,-0.97585403,32.98514,1.0423718,7.8027459
-0.158584,0.220739,1.38498,-0.00318027,0.00218031,-0.00211355,-0.014795,-0.084862,0.04408,-1.004e-05,2.11e-05,-0.00037874,0.025148885,0.048725706,1.9181696,1.0114117e-05,4.7537517e-06,4.4670936e-06,0.00021889203,0.007201559,0.0019430464,1.008016e-10,4.4521e-10,1.4344399e-07,-0.09854478,0.076472063,-0.037561685,-0.058008443,-0.0042757651,123.57823,-0.0054756973,-0.18222231,4.580444,-0.017473317,-0.49882636,45.727178,-0.044707646,-1.1100766,-27.022416,-0.055500918,-1.1012903,21.330641,0.0074774136,1.0348944
-0.159067,0.31131,1.35887,-0.00438971,0.00257219,-0.0022504,-0.000483,0.090571,-0.02611,-0.00120944,0.00039188,-0.00013685,0.02530231,0.096913916,1.8465277,1.9269554e-05,6.6161614e-06,5.0643002e-06,2.33289e-07,0.008203106,0.0006817321,1.4627451e-06,1.5356993e-07,1.8727922e-08,-0.11313617,0.082802137,-0.031878166,0.027224036,0.085965329,123.83761,0,-0.0054756973,19.263492,0,-0.017473317,77.170796,0,-0.044707646,3.3965724,0,-0.055500918,26.995908,0,0.0074774136
-0.11563,0.250973,1.42955,-0.00391121,0.00287922,-0.00238926,0.043437,-0.060337,0.07068,0.0004785,0.00030703,-0.00013886,0.013370297,0.062987447,2.0436132,1.5297564e-05,8.2899078e-06,5.7085633e-06,0.001886773,0.0036405536,0.0049956624,2.2896225e-07,9.4267421e-08,1.92821e-08,-0.092578894,0.11093664,0.018179072,-0.017574894,0.01138817,120.1169,0,0,19.264761,0,0,87.359357,0,0,28.093393,0,0,58.74355,0,0
-0.0902899,0.288875,1.43014,-0.0052701,0.00278989,-0.00176387,0.0253401,0.037902,0.00059,-0.00135889,-8.933e-05,0.00062539,0.008152266,0.083448766,2.0453004,2.7773954e-05,7.7834862e-06,3.1112374e-06,0.00064212067,0.0014365616,3.481e-07,1.846582e-06,7.9798489e-09,3.9111265e-07,-0.10575431,0.073964878,-0.039580447,-0.016694295,0.017463034,117.32428,0.3363319,0,17.141225,-0.97995338,0,83.676309,1.8664935,0,36.948335,-2.4948258,0,78.558444,3.0341856,0
-0.108664,0.30328,1.48792,-0.00726875,0.00350186,-0.00213087,-0.0183741,0.014405,0.05778,-0.00199865,0.00071197,-0.000367,0.011807865,0.091978758,2.2139059,5.2834727e-05,1.2263023e-05,4.540607e-06,0.00033760755,0.00020750403,0.0033385284,3.9946018e-06,5.0690128e-07,1.34689e-07,-0.086810153,0.13232063,0.081606312,-0.030885784,0.011350717,108.76135,7.6903848,0.3363319,30.376245,-15.006936,-0.97995338,59.877961,20.905128,1.8664935,57.933023,-21.960542,-2.4948258,65.638584,20.722606,3.0341856
-0.108447,0.251608,1.49002,-0.00674443,0.00340122,-0.00204258,0.000217,-0.051672,0.0021,0.00052432,-0.00010064,8.829e-05,0.011760752,0.063306586,2.2201596,4.5487336e-05,1.1568297e-05,4.1721331e-06,4.7089e-08,0.0026699956,4.41e-06,2.7491146e-07,1.012841e-08,7.7951241e-09,-0.091261781,0.094987348,-0.0009049613,-0.001441502,-0.0036521473,80.959628,27.619502,7.6903848,60.421968,-30.544549,-15.006936,36.666862,22.101022,20.905128,63.803235,-6.971502,-21.960542,69.627005,-2.9535262,20.722606
-0.135106,0.313461,1.44143,-0.00738941,0.00300558,-0.00207765,-0.026659,0.061853,-0.04859,-0.00064498,-0.00039564,-3.507e-05,0.018253631,0.098257799,2.0777204,5.460338e-05,9.0335111e-06,4.3166295e-06,0.00071070228,0.0038257936,0.0023609881,4.159992e-07,1.5653101e-07,1.2299049e-09,-0.094169831,0.14489052,0.1225892,-0.041543802,0.082418592,40.928501,40.025651,27.619502,70.238375,-9.8338796,-30.544549,48.885453,-12.263298,22.101022,43.127014,20.620719,-6.971502,76.255341,-6.6208587,-2.9535262
-0.156533,0.248012,1.24347,-0.00502402,0.00299052,-0.00230192,-0.021427,-0.065449,-0.19796,0.00236539,-1.506e-05,-0.00022427,0.02450258,0.061509952,1.5462176,2.5240777e-05,8.9432099e-06,5.2988357e-06,0.00045911633,0.0042835716,0.039188162,5.5950699e-06,2.268036e-10,5.0297033e-08,-0.051492912,0.14576746,0.012844815,0.069528716,0.086279566,7.7825467,33.145954,40.025651,43.535548,26.702826,-9.8338796,61.838707,-12.953254,-12.263298,52.332599,-9.2055843,20.620719,57.452607,18.802733,-6.6208587
-0.34055,-0.407077,0.700589,-0.0195477,0.00237049,-0.0044746,-0.184017,-0.655089,-0.542881,-0.01452368,-0.00062003,-0.00217268,0.1159743,0.16571168,0.49082495,0.00038211258,5.6192228e-06,2.0022045e-05,0.033862256,0.4291416,0.29471978,0.00021093728,3.844372e-07,4.7205384e-06,0.17354232,-0.039129164,-0.32032377,0.12401687,0.044500666,-6.9778604,14.760407,33.145954,9.2926121,34.242936,26.702826,35.76762,26.071087,-12.953254,59.343279,-7.0106809,-9.2055843,69.107106,-11.654499,18.802733
-1.72634,-1.16589,1.14474,-0.0472212,0.0183437,0.036712,-1.38579,-0.758813,0.444151,-0.0276735,0.01597321,0.0411866,2.9802498,1.3592995,1.3104297,0.0022298417,0.00033649133,0.0013477709,1.9204139,0.57579717,0.19727011,0.0007658226,0.00025514344,0.001696336,0.089278961,0.2562533,0.4869336,-0.41722961,-0.14330994,-7.2372391,0.25937865,14.760407,-5.3904359,14.683048,34.242936,4.3240022,31.443618,26.071087,28.924291,30.418988,-7.0106809,63.44184,5.6652664,-11.654499
-0.0017837,-1.06167,0.701387,-0.0607218,-0.00371747,0.0116605,1.7245563,0.10422,-0.443353,-0.0135006,-0.02206117,-0.0250515,3.1815857e-06,1.1271432,0.49194372,0.003687137,1.3819583e-05,0.00013596726,2.9740944,0.010861808,0.19656188,0.0001822662,0.00048669522,0.00062757765,0.17593991,-0.25348473,-0.12053513,0.091091519,-0.018534426,-3.5165271,-3.720712,0.25937865,-5.3917047,0.001268743,14.683048,-5.864559,10.188561,31.443618,4.2274712,24.69682,30.418988,31.694197,31.747643,5.6652664
0.225178,-0.719556,0.599489,-0.0549074,-0.00296741,0.0128453,0.2269617,0.342114,-0.101898,0.0058144,0.00075006,0.0011848,0.050705132,0.51776084,0.35938706,0.0030148226,8.8055221e-06,0.00016500173,0.051511613,0.11704199,0.010383202,3.3807247e-05,5.6259e-07,1.403751e-06,0.019171122,-0.17542493,0.13234519,-0.044148826,-0.11912856,-0.72391001,-2.4562852,-3.720712,-3.2681691,-3.103489,0.001268743,-2.1815113,-1.8165541,10.188561,-4.6274711,6.3601165,24.69682,11.879303,22.849079,31.747643
0.194667,-0.656987,0.648915,-0.051294,-0.00198032,0.0115674,-0.030511,0.062569,0.049426,0.0036134,0.00098709,-0.0012779,0.037895241,0.43163192,0.42109068,0.0026310744,3.9216673e-06,0.00013380474,0.00093092112,0.0039148798,0.0024429295,1.305666e-05,9.7434667e-07,1.6330284e-06,-0.016447163,-0.22536476,0.040843115,0.026880138,0.047602795,7.8390187,-0.8725439,-2.4562852,-16.503189,-1.771916,-3.103489,21.616837,-2.8932206,-1.8165541,-25.612159,-0.97585403,6.3601165,24.799164,7.8027459,22.849079
0.211906,-0.553559,0.678307,-0.047849,-0.00117043,0.0105029,0.017239,0.103428,0.029392,0.003445,0.00080989,-0.0010645,0.044904153,0.30642757,0.46010039,0.0022895268,1.3699064e-06,0.00011031091,0.00029718312,0.010697351,0.00086388966,1.1868025e-05,6.5592181e-07,1.1331602e-06,-0.0052381821,-0.14854266,0.085829311,0.040894787,0.063223117,35.640743,-0.18222231,-0.8725439,-46.548912,-0.49882636,-1.771916,44.827935,-1.1100766,-2.8932206,-31.482371,-1.1012903,-0.97585403,20.810743,1.0348944,7.8027459
0.311682,-0.465109,0.742228,-0.0445865,-0.00148113,0.0110933,0.099776,0.08845,0.063921,0.0032625,-0.0003107,0.0005904,0.097145669,0.21632638,0.5509024,0.001987956,2.1937461e-06,0.0001230613,0.0099552502,0.0078234025,0.0040858942,1.0643906e-05,9.653449e-08,3.4857216e-07,0.018408731,-0.12740837,0.032040434,0.091832838,0.024252646,75.67187,-0.0054756973,-0.18222231,-56.365318,-0.017473317,-0.49882636,32.609345,-0.044707646,-1.1100766,-10.80615,-0.055500918,-1.1012903,14.182407,0.0074774136,1.0348944
0.264101,-0.473444,0.766717,-0.0410356,-0.00038671,0.0100625,-0.047581,-0.008335,0.024489,0.0035509,0.00109442,-0.0010308,0.069749338,0.22414922,0.58785496,0.0016839205,1.4954462e-07,0.00010125391,0.0022639516,6.9472225e-05,0.00059971112,1.2608891e-05,1.1977551e-06,1.0625486e-06,0.022090622,-0.096310994,0.028387842,0.034699793,-0.10192564,108.81782,0,-0.0054756973,-29.662492,0,-0.017473317,19.656091,0,-0.044707646,-20.011735,0,-0.055500918,32.98514,0,0.0074774136
0.295867,-0.415636,0.760321,-0.039374,0.000524667,0.0100625,0.031766,0.057808,-0.006396,0.0016616,0.000911377,0,0.087537282,0.17275328,0.57808802,0.0015503119,2.7527546e-07,0.00010125391,0.0010090788,0.0033417649,4.0908816e-05,2.7609146e-06,8.3060804e-07,0,0.007984284,-0.085536749,0.0068367709,0.040861716,-0.035830643,123.57823,0,0,4.580444,0,0,45.727178,0,0,-27.022416,0,0,21.330641,0,0
0.267048,-0.344554,0.806575,-0.0378583,0.000603963,0.00948346,-0.028819,0.071082,0.046254,0.0015157,7.9296e-05,-0.00057904,0.071314634,0.11871746,0.65056323,0.0014332509,3.6477131e-07,8.9936014e-05,0.00083053476,0.0050526507,0.0021394325,2.2973465e-06,6.2878556e-09,3.3528732e-07,-0.0073006587,-0.030625954,0.040766331,0.03002954,-0.021930556,123.83761,0,0,19.263492,0,0,77.170796,0,0,3.3965724,0,0,26.995908,0,0
0.256682,-0.390152,0.693066,-0.0362658,0.000530954,0.00929597,-0.010366,-0.045598,-0.113509,0.0015925,-7.3009e-05,-0.00018749,0.065885649,0.15221858,0.48034048,0.0013152082,2.8191215e-07,8.6415058e-05,0.00010745396,0.0020791776,0.012884293,2.5360562e-06,5.3303141e-09,3.51525e-08,0.007805253,-0.045861484,0.011958301,0.050223813,-0.0064690768,120.1169,0,0,19.264761,0,0,87.359357,0,0,28.093393,0,0,58.74355,0,0
0.241692,-0.275054,0.716562,-0.0375785,0.000723916,0.0085318,-0.01499,0.115098,0.023496,-0.0013127,0.000192962,-0.00076417,0.058415023,0.075654703,0.5134611,0.0014121437,5.2405438e-07,7.2791611e-05,0.0002247001,0.01324755,0.00055206202,1.7231813e-06,3.7234333e-08,5.8395579e-07,0.0066147371,-0.019884351,0.056798873,0.041492767,-0.056577891,117.32428,0.3363319,0,17.141225,-0.97995338,0,83.676309,1.8664935,0,36.948335,-2.4948258,0,78.558444,3.0341856,0
0.243886,-0.387014,0.69955,-0.0369051,0.000850238,0.00885856,0.002194,-0.11196,-0.017012,0.0006734,0.000126322,0.00032676,0.059480381,0.14977984,0.4893702,0.0013619864,7.2290466e-07,7.8474085e-05,4.813636e-06,0.012535042,0.00028940814,4.5346756e-07,1.5957248e-08,1.067721e-07,0.0091339865,-0.076059188,0.032277994,0.085927797,0.002572023,108.76135,8.0267167,0,30.376245,-15.986889,0,59.877961,22.771621,0,57.933023,-24.455368,0,65.638584,23.756792,0
0.248583,-0.238159,0.774745,-0.0377541,0.00125262,0.00835426,0.004697,0.148855,0.075195,-0.000849,0.000402382,-0.0005043,0.061793508,0.056719709,0.60022982,0.0014253721,1.5690569e-06,6.979366e-05,2.2061809e-05,0.022157811,0.005654288,7.20801e-07,1.6191127e-07,2.5431849e-07,0.0049857463,-0.032986553,-0.0042040802,-0.0011815681,-0.082041656,80.959628,35.309886,0.3363319,60.421968,-45.551485,-0.97995338,36.666862,43.00615,1.8664935,63.803235,-28.932044,-2.4948258,69.627005,17.76908,3.0341856
0.247097,-0.415679,0.738684,-0.0373215,0.00188906,0.0076534,-0.001486,-0.17752,-0.036061,0.0004326,0.00063644,-0.00070086,0.061056927,0.17278903,0.54565405,0.0013928944,3.5685477e-06,5.8574532e-05,2.208196e-06,0.03151335,0.0013003957,1.8714276e-07,4.0505587e-07,4.9120474e-07,-0.012628696,-0.07279828,0.0050331681,-0.000234333,-0.022247564,40.928501,67.645153,7.6903848,70.238375,-40.378429,-15.006936,48.885453,9.8377235,20.905128,43.127014,13.649217,-21.960542,76.255341,-9.5743849,20.722606
0.223074,-0.2577,0.730804,-0.0364991,0.0016937,0.00714,-0.024023,0.157979,-0.00788,0.0008224,-0.00019536,-0.0005134,0.049762009,0.06640929,0.53407449,0.0013321843,2.8686197e-06,5.09796e-05,0.00057710453,0.024957364,6.20944e-05,6.7634176e-07,3.816553e-08,2.6357956e-07,-0.028192143,-0.032285424,0.03544817,0.019812323,0.021383525,7.7825467,73.171605,27.619502,43.535548,16.868947,-30.544549,61.838707,-25.216553,22.101022,52.332599,11.415135,-6.971502,57.452607,12.181875,-2.9535262
0.179276,-0.307965,0.491856,-0.0256774,0.000954794,0.00642887,-0.043798,-0.050265,-0.238948,0.0108217,-0.000738906,-0.00071113,0.032139884,0.094842441,0.24192232,0.00065932887,9.1163158e-07,4.1330369e-05,0.0019182648,0.0025265702,0.057096147,0.00011710919,5.4598208e-07,5.0570588e-07,0.048828197,0.02944936,-0.010824853,0.048712977,0.039404,-6.9778604,47.906361,40.025651,9.2926121,60.945762,-9.8338796,35.76762,13.117833,-12.263298,59.343279,-16.216265,20.620719,69.107106,7.1482344,-6.6208587
0.238538,-0.276485,0.500599,-0.0246538,0.00219734,0.00707099,0.059262,0.03148,0.008743,0.0010236,0.001242546,0.00064212,0.056900377,0.076443955,0.25059936,0.00060780985,4.8283031e-06,4.99989e-05,0.0035119846,0.0009909904,7.6440049e-05,1.047757e-06,1.5439206e-06,4.1231809e-07,0.06007754,0.037135482,0.013817429,0.1254228,-0.015612343,-7.2372391,15.019786,33.145954,-5.3904359,48.925984,26.702826,4.3240022,57.514705,-12.953254,28.924291,23.408307,-9.2055843,63.44184,-5.9892325,18.802733
0.168618,-0.263117,0.45944,-0.031345,0.00133023,0.00642887,-0.06992,0.013368,-0.041159,-0.0066912,-0.00086711,-0.00064212,0.02843203,0.069230556,0.21108511,0.00098250902,1.7695119e-06,4.1330369e-05,0.0048888064,0.00017870342,0.0016940633,4.4772157e-05,7.5187975e-07,4.1231809e-07,0.070426992,-0.031703221,-0.033808627,-0.018366648,-0.07651129,-3.5165271,-3.4613334,14.760407,-5.3917047,14.684317,34.242936,-5.864559,41.632179,26.071087,4.2274712,55.115808,-7.0106809,31.694197,37.412909,-11.654499
0.144579,-0.363608,0.555377,-0.0330516,0.00115365,0.00594153,-0.024039,-0.100491,0.095937,-0.0017066,-0.00017658,-0.00048734,0.020903087,0.13221078,0.30844361,0.0010924083,1.3309083e-06,3.5301779e-05,0.00057787352,0.010098441,0.009203908,2.9124836e-06,3.1180496e-08,2.3750028e-07,-0.0020406482,-0.065164004,-0.11214176,-0.060270061,-0.14679177,-1.0602419,-6.1769972,0.25937865,-2.2882157,-3.1022203,14.683048,-4.0480049,8.3720071,31.443618,-2.1326453,31.056937,30.418988,8.8451177,54.596722,5.6652664
0.0406111,-0.154134,0.695939,-0.02784,0.00260576,0.00469668,-0.1039679,0.209474,0.140562,0.0052116,0.00145211,-0.00124485,0.0016492614,0.02375729,0.48433109,0.0007750656,6.7899852e-06,2.2058803e-05,0.010809324,0.043879357,0.019757676,2.7160775e-05,2.1086235e-06,1.5496515e-06,-0.060715044,-0.027838222,-0.089520686,-0.061513292,0.030775033,-0.18769801,-3.3288291,-3.720712,-0.51629968,-4.875405,0.001268743,-1.1547843,-4.7097747,10.188561,-1.1567913,5.3842624,24.69682,1.0423718,30.651825,31.747643
-0.0667576,-0.173138,0.73722,-0.0208833,0.00179451,0.00248103,-0.1073687,-0.019004,0.041281,0.0069567,-0.00081125,-0.00221565,0.0044565772,0.029976767,0.54349333,0.00043611222,3.2202661e-06,6.1555099e-06,0.011528038,0.00036115202,0.001704121,4.8395675e-05,6.5812656e-07,4.9091049e-06,-0.069916706,0.085254072,-0.10092892,-0.055609894,0.062773599,-0.0054756973,-1.0547662,-2.4562852,-0.017473317,-2.2707424,-3.103489,-0.044707646,-4.0032972,-1.8165541,-0.055500918,-2.0771444,6.3601165,0.0074774136,8.8376403,22.849079
-0.0019752,-0.0850789,0.844034,-0.0215501,0.0023969,0.00335523,0.0647824,0.0880591,0.106814,-0.0006668,0.00060239,0.0008742,3.901415e-06,0.0072384192,0.71239339,0.00046440681,5.7451296e-06,1.1257568e-05,0.0041967593,0.0077544051,0.011409231,4.4462224e-07,3.6287371e-07,7.6422564e-07,-0.063295721,0.13574579,0.04004344,0.089530353,0.038814665,,,,,,,,,,,,,,,
